content,middle
中国的也快交付了吧？,good
[赞啊][赞啊],good
我觉得我肯定能开上跑车，那一定是在做梦的时候[酷],middle
[心][心][心][心][心][心]本博有万余张地摊历史老照片，以及后面的小故事，感兴趣的朋友敬请关注。[鲜花][鲜花][鲜花][鲜花][鲜花][鲜花][鲜花],good
现在大陆官员什么样子？台湾官员又什么样子？,good
中正，太正直了。,good
雷锋还戴瑞士手表呢,good
那又如何，现在打个起诉状都不让打印了，,bad
有啥好比，老蒋走的是资本主义，眼里只有利益,good
今天的劳力士又是谁？[允悲][允悲][允悲],good
都是开始装，得了天下，比谁要的都多,middle
赵德汉有那么多钱也只吃面不花[doge]搞传销谁不会,good
真正的抗日英雄，和打嘴炮的可不一样,good
蒋介石太君子了，在中国只是个小人当道,good
说明那时候穷呗。,middle
真正的抗日英雄,good
现在村长都不止劳力士了,bad
你们的领导，大着肚子在办公室吹空调[doge][doge][doge],bad
看了看评论区，老百姓不好骗了啊[泪][泪][泪],good
老蒋和宋美龄都快把中国卖没了,good
目测又要有人出来说，历史是胜利者写的[doge],good
吃熊掌的时候你没看到,bad
为啥人总是制裁咱们呢,bad
真会给华为贴金，华为或许技术还可以，但是价格对不起民族品牌这四个字,good
又是自我感动自我高潮的一天[哈欠],good
中兴通讯字体为啥是红的呢？,bad
可耻的联想,middle
@联想中国 叛逆者,good
成天yy 全世界都是敌人[允悲],good
这自嗨的….,bad
比亚迪这种是伪中国，开曼群岛的公司不要放在我们这边,good
歌尔股份都能上去[doge] 那欧菲光上去算了,good
卧槽，联想这是真臭了,bad
捷荣也算，呵呵呵,good
请问，熊猫是什么东西的品牌,bad
华为很好，但是跟我关系不大,good
那你用iPhone手机是不是属于上面的崇洋者？,good
你错了，业内真能扛一下的可能还就菊厂[偷笑],bad
这联想，怎么会站在那个位置？,good
华为，怎么说呢，,bad
这个图片搞得好,bad
感谢雷总在线安利乐山[比耶][比耶]有空一定要乐山玩呀[嘻嘻]当然啦，也欢迎大家这个五一来乐山看美景吃美食，寻找久违的松弛感，走遍这座城市的三江六岸，感受街头巷尾的人间烟火气[抱一抱][抱一抱]我在乐山等你们哟！#五一根本走不出四川# ,good
直播SU7直播的好好的突然进来一群higo把我给举报了[允悲] http://t.cn/A6HvMVnv,middle
华为粉丝放假都这么卖力啊。黑了三个品牌了。 http://t.cn/A6HvMMsj,middle
乐山这么玩～ http://t.cn/A6HvMfBd,good
新疆傍晚的浪漫[哈哈] http://t.cn/A6HvMqRj,good
雷总我就是乐山的，能不能让我早点提车乐一乐[允悲],good
乐山大佛也是很有名的[good][good][good],good
欢迎雷总来乐山！记得带好健胃消食片哦[馋嘴],good
谢谢雷总，乐山是我的家乡，很美，有非常多的美食，是全川最好吃的城市。但是，游客真的太多了[笑cry]，建议大家错峰旅游。,good
雷总你要是来乐山，我横竖给你安排一个甜皮鸭，跷脚牛肉，乐山豆腐脑，乐山咔饼，乐山炸串，乐山烧烤。。。。。。。,good
去小米之家看了14u 准备入手[喵喵],good
这就开始接广告啦？[笑cry][允悲],good
17年买了个999的红米note4，买来相机无法自动对焦，要轻轻的敲一下，售后两次才修好。18年买了个小米8，没啥问题。20年初买了10顶配，无线网极慢，7天无理由退款了，5月在线下再次入10顶配，拿到家里无法快充，赶紧跑回去换了，一年后开机键按下去不回弹，修了两次，给家人当备用机，换别的牌子了。,bad
本地逛了逛，哪哪都是人[开学季] http://t.cn/A6HvJscw,good
雷总终于发微博啦[太开心][太开心][太开心]雷总晚上好！雷总五一出去玩了吗？[爱你],good
以为今天雷总休息不发博了，乐山确实是个好地方，没去过的，有空可以去看看。[心],good
这个视频拍得真好呀 很真实也很有青春气息~,good
我的假期作品《人间烟火》 http://t.cn/A6HvM5Xy,good
龙虾烤鸭卷[doge] http://t.cn/A6HvxRtp,bad
雷总五一去哪玩[打call],good
守边军人能吃好喝好正是大家最希望看到的[打call],good
吃再好点儿我都不介意，大不了我把烟吸的再快点儿,bad
看着就过瘾，馋死阿三,good
壮士饥餐胡虏肉，笑谈渴饮匈奴血。,good
我一直说，一定要给子弟兵们吃好点，现在吃这块，咱们供得起。[嘻嘻],good
当然要吃好一点，所谓兵强马壮就不是抠抠搜搜能供出来的,bad
我们总是被一群勇敢的人保护着，感谢你们的付出，御敌于国门之外。,good
各位！我们今天烤全羊的任务宗旨是：馋哭隔壁印度阿三！[doge][doge][doge][doge][doge],good
高原条件是真的艰苦，图9中间年轻的士兵头发都白了,middle
下风口的阿三馋的猛灌一口恒河水就西北风那是[二哈][允悲]透心凉,good
可以理解，杰哥的节目拿筷子吃饭的就是收视率高。[二哈][允悲],good
哈哈，我们的战士，配得上最好的肉、最烈的酒[good][good][good],middle
边防战士就要吃好喝好！馋死对面的阿三,middle
最可爱的人[给你小心心],good
就是要敢发出来，吃就吃嘛，保家卫国吃好点也是应该的[思考],good
不知道平时戍边军人吃什么，应该条件很艰苦；最最最怀念的就是在某部队干休所吃的军队大锅饭，那是真好吃啊，食材也绝对都是大众水平，但因为是沿海城市，八一时候看他们吃过螃蟹，所以看服役的地方，只要不是太偏太远，部队还是能隔三差五吃上些当地美食的。,good
戍边战士就应该吃最好的 那么辛苦。,good
个个寸头，黑不溜秋的精壮小伙。感觉还是西北的兵有战斗力。古代西北的边军一直都是战斗力都很强。[笑cry],good
后勤保障就是战斗力[666],good
我认为是[doge]：零跑C16+帝豪雷神L Hip 1.5TD-DHT Pro Super净[打call]@极速拍档-Jacky [二哈],bad
Model3p+gl8插混,bad
L9+马自达MX5[doge],good
我 L9+蔚来 et5t,bad
Model y+塞纳,bad
虽然我的方案不如评论区的，但是我理想中的话就是宝马3系+丰田塞纳,bad
极氪宝宝巴士+领克03+,middle
你还差个孩子[思考],good
巧了不是[喵喵]我都有,good
坦克700➕su7[坏笑],middle
@fnq777,middle
塞纳gti,middle
你的mega呢,middle
传祺m8或9+极氪007，都买顶配差不多60，鼠哥这个奔着七十多去了,bad
仰望U8+U7,middle
L9坐两个孩子咋坐，至少一个孩子坐后排是吗,good
L9+3P，既有速度与激情，还能匹配家用，更能接触中美最好的产品设计 http://t.cn/A6Tgei3D,good
奥德赛＋咬地鲨＋咬地鲨整备,bad
L8➕i3[允悲],good
鼠哥现在就没有汽油车可推荐了吗？[允悲],good
让刘涛和吴奇隆打一架看看,bad
乍一看有点牛，实际也就那样，都是业余,good
差了许君聪。内蒙古……………………旗少儿拉丁舞比赛亚军,good
陶虹和牛莉是确实厉害，真正的国家队成员，而且拿过全国冠军的。牛莉后来转入射击国家队，还跟王义夫是队友,good
乍一看，以为是美国恐怖故事,good
这题我会 刘涛还是“妈祖”[喵喵][喵喵][二哈],good
⛅美͚好͚正͚在͚开͚花͚☀🌿🌸幸͚福͚正͚在͚结͚果͚💜,good
刘涛我不大相信,bad
嘿！你也在关注“郑恺”吗？快戳http://t.cn/A6TRIhsA进入专题页查看并关注相关博主吧，包含@李晨 、@郑恺 等8位博主哦，热门精彩内容不错过！ http://t.cn/A6Ts42li,good
感动代替不了感情，念旧再也回不到曾经。,good
刘涛老公又欠钱了，最近活动那么多[挖鼻],bad
刘涛旁边女的叫啥,middle
艾玛？,middle
有道理，确实是这样！,good
直接说田亮么好咧,middle
感谢博主推荐，支持,good
果然是热门博主，我的最爱,good
来看看,middle
不愧是大佬,good
干的漂亮！！！,bad
干得漂亮！！！！！,bad
干得漂亮！,good
干的太漂亮了[good][good][good],middle
坚决维护我国领海！！！,good
坚决维护我国领域，干得漂亮！,good
[话筒][话筒][话筒]#中国驱离菲律宾侵闯黄岩岛邻近海域船只#,good
坚决维护我国领海，好样儿的[good],good
👍,middle
威武[赢牛奶],middle
干的漂亮,good
干得漂亮,good
干得漂亮[good][good][good],good
不惯着它[赞],good
干得漂亮[赢牛奶][赢牛奶],good
坚决维护国家主权和领土完整！,good
干得漂亮！！,middle
驱离，这个词我看着好喜欢[哈哈],good
致敬 保家卫国的勇士！[赞啊],good
[good][good][good],middle
对就是这个味[嘻嘻],good
[允悲],good
灵魂之汁 浇给,good
羊：我和寄生虫必须死一个,middle
自助烤全羊[哈哈],good
肯定很难受才会这么烤,bad
为什么只有我觉得它很可怜,middle
小羊烧恩,good
怎么感觉在剃胡子,good
@家欣家欣_,good
多懂事的烤全羊啊,good
自助烧烤,good
自助烤全羊,good
蜱虫太多,bad
嘴巴流血了[吃瓜],bad
这家伙给孩子晒得，脸都黑了[喵喵],good
这东西应该很可怕。一定比他被火烧还可怕。,middle
烤蜱虫,middle
提前熏肉,middle
jf,middle
怂,middle
成本啊,bad
做供应商更赚钱[doge]，而且这也是华为一贯的风格，更多的是和其他厂商合作，而反过来小米就大多数东西都是自己做，两种不同的风格,good
不要华为人家照样造好车！,middle
自己下场大概只能做10%的市场，现在这样有可能做到50%以上[doge][doge][doge],bad
战略啊,good
黑帮收取保护费，需要自己亲自开店做生意吗？,middle
以华为的性格，30万的车那不得卖100万，但能买得起一百万车的人除了暴发户可能都看不上,good
国家不让华为自己下场造，只允许华为以合资的身份出人、出技术与传统车企合作，那句话怎么说来着，百万漕工......,middle
系统还在研发中，等别人试用，系统成熟了，别人离不开他了，再断别人的奶，再自己造。轻轻松松。某老总说得对，用别人的系统的企业是没有灵魂的,good
最后会吸附他们身上吸血！,good
卖的好那叫华为汽车，卖的不好那叫赛力斯,middle
贴牌好啊，出了事撇的老远了[doge],bad
任正非不让，但是emt文件承诺时限也过了. http://t.cn/A6YFlbvT,bad
因为🌸品牌太大，如果出事影响🌸也大 不如搞合资，或子公司好，出事切割容易,bad
智界、阿维塔不错，其余...嗯。,good
华为就是提供技术就够了,middle
因为比不过小米呗,good
赚更多的钱，而且不需要太多的固定资产投入，玩轻资产，赚的又稳又多。亲自下场，汽车企业就不一定会买你的智驾了,bad
5G显然是个骗局，三大运营商为了把月租提价两三倍的借口罢了,bad
看出来了，4g网变慢了吗,bad
兄弟们，为啥叫他赛博丁真啊，快一两年没看他视频了，怎么风评下降这么多？,bad
确实。至少民用领域，5g没有与之相匹配的应用。。。就像你的车能轻松干到200公里。结果道路限速120。。。有力气使不出来，,good
5G 最大的作用就是吓了美国一跳[doge],good
也没啥，他自己也在后来视频里自嘲是“5g唯一受益者”了。该说不说，网盘在线或下视频是比以前快了。但大变化暂时没有。,bad
结果5G是没毛用[笑cry],middle
所谓的5G变快就是强制现在的4G降速[吐],middle
智能车机、无人港口、黑灯工厂，这些哪些不需要5G？,bad
有一句讲一句，远程手术还真得5g,good
5G唯一改变的就是何同学的生活,good
到现在北京十号线还有没信号的地方[doge][doge][doge],bad
5g唯一受益人,good
啊 没什么问题吧 至今觉得说速度是5G最无聊的应用 帅完了呀 5g用于医疗还挺多的 只是少部分人接触到,good
他说的其实挺好的，现在5g确实没啥卵用,middle
4g 民营速率大概就是 5-6mb，5g 是 20-40mb，其实差距还是挺大的,bad
赛博丁真[二哈],good
他们为了体现出5G的优势 甚至可以把4G降速,good
5G就是设备制造商利益集团坑国家、坑民族、坑运营商、坑用户的道具。,bad
0001马上板车回家，收藏等升值,good
感觉不是媒体，而是大老板,bad
是不是韩路,bad
这仪式感[good],good
前两天还问臧老师这号会是谁，他说这就不用猜了吧，我以为会是雷神自己，这么看不是啊[污],bad
我靠牛逼,good
可以，还有证书[哈哈],bad
几百都不在乎，真大哥,bad
不好说 雷军程序员出身 有可能从0000开始编号的[doge],bad
这签名要是下面我没标注真不知道是谁[笑cry],middle
太牛逼了,middle
李晓华吧[doge],bad
牛了,middle
也在我朋友圈出现了 LXLZX 是这个人不？,bad
水印去掉，轮到我拿去发朋友圈了,bad
真牛逼啊，0001,good
[666][666],middle
够牛逼哦[允悲],good
有点厉害[鼓掌],middle
法拉利a00001,bad
难受啊军，这下su7怎么办哦，被彻底围剿,bad
雷总，等你su7啊[打call][打call][打call] http://t.cn/A6YNIfmF,good
笔记本代加工厂，慎重,bad
雷总，小米14系列所有手机横屏截图模糊的问题有没有合理的解释[微笑],good
雷总不讲总感觉失去了灵魂,good
我在想个问题，就是为啥没有15.6寸的，你这有了16寸，自己的电脑包只能装15.6，这。。。难道非要买老款哇,bad
雷总，今年到底有没有小米笔记本？红米已经发完了，今年毕业就打算换小米本了,good
不要Redmi笔记本，要Xiaomi笔记本[泪]，一直等ProX更新[泪],good
求一个SU7的F码，想买第一批。从小米1到小米14的老粉买车能早早提车吗,middle
红米的大尺寸电脑为什么从来不配数字键盘呢？,middle
小米系列笔记本还会发布吗,good
红米汽车啥时候发布,bad
这么多年了，也没有设计air一样的轻薄产品，想知道为啥,bad
雷总，等车在啊,good
这么大尺寸电脑，连数字键盘都没有,good
只有红米笔记本，小米笔记本是断更了吗？两年没更新了？,good
诚意满满！[666],bad
必须的整一台[打call][打call],bad
挺好的新品，[good][good][good][good]！,good
@雷军 雷总  还会更新xiaomi 笔记本吗？,good
我们的征途是星辰大海，愿一切顺利，平安凯旋！🇨🇳☀️·　　　　🛸　　　 　🌏　°　　🌓　•　　.°•　　　🚀 ✯🇨🇳✯ 　　　★　*°　　　　🛰　°·　　 .　　　•　°★　• ▁▂▃▄▅▆▇▇▆▅▄▃▁▂▃,bad
祝福中国航天,good
这个画面太珍贵了，祝福、致敬中国航天人🇨🇳[送花花],good
致敬航天人！,good
祝福中国航天[心],good
㊗️圆满成功[送花花][送花花][送花花],good
祝福[心],good
🫡中国航天,good
致敬中国航天人,good
致敬中国航天,good
致敬中国航天，航天员敬礼瞬间简直不要太帅[鲜花][good],good
祝福中国航天,good
震撼人心,middle
致敬,good
致敬中国航天[航天员]#神十八点火发射升空#,bad
致敬中国航天人！祝福祖国繁荣昌盛，国泰民安，风调雨顺，国富民强！！！[鲜花][鲜花][鲜花],good
致敬[心][心],good
一切平安，顺利会师太空[打call],bad
祝福中国航天,good
致敬中国航天,good
当然是悲观了，那些天天离不开华为的，其实就是那些天天说要跟美欧日脱钩的同一批人。不可否认华为在他的领域是顶尖的，领先的。但并不是在所有行业和领域他都能够涉及。都可以带头，或者说都能够会做的更好。华为只不过是一棵大树中的一片树叶，这片树叶好有什么用啊？整个树好才有用。,good
因为外国要封锁中国的话，只有华为技术能让中国不落后,good
沸腾 http://t.cn/A6jKrolO,middle
它要做韩国版的三星，跺跺脚国家都要颤抖[doge],bad
华为出名全靠不争气的同行衬托,good
当然是悲观了，为啥只有一个华为，我米在哪里[微笑][微笑][微笑],middle
自己人强大时，就要求强者退步，要雨露均沾！！！如果是外国公司就无所谓[允悲],good
问题是如果与其他公司合作他们搞不岀来！不靠谱，华为靠谱啊！,bad
挺好的啊，人家又不上市，又不圈钱，几十年的公司从来也没暴雷过，脚踏实地搞科研，在老美的制裁下依旧不屈，这样的企业有什么不好？,bad
既是悲观，也是乐观，悲观是因为我们只有这样一家伟大的企业，乐观是因为我们还有一家这样伟大的企业,good
其他产品能打的话也行啊[允悲],good
啊？不是吧，OPPO，vivo，小米，苹果，荣耀……可选择的太多了，大家也是用各种的都有啊,middle
肯定是悲观的，，国家希望培育出几十个华为，但其他企业不争气那就没办法了，只能悲观到底了！,bad
眼里只有华为总比排队抢苹果手机要乐观吧！,good
说韩国人用三星用现代，日本人买丰田是爱国，中国人喜欢华为就是宗教，双标到海里去了,good
乐观，非常乐观，期望出来第二、第三、无数个华为[二哈][二哈][二哈],good
《互联网科技博主》 科技在哪,good
华为是中国民族性格的缩影，不畏艰险、勇往直前。,good
坏消息：只有华为 好消息：还有华为,bad
应该说中国大学一直以来主要工作是抓老师抓学生，美国大学当下主要工作是抓老师抓学生[酷][酷],good
支持巴勒斯坦的学生为什么都长得很漂亮很帅。相由心生是真的。,good
感觉都是好孩子，没有打扮成怪物样的。。,good
有些人的坏是骨子里透出来的 http://t.cn/A6TBKyoH,bad
没有记忆是吧[哇],good
中国的三流大学主要培养黑人，,good
这不得设置为青年节？,middle
抓教授，抓导师，还树大狙呢[doge][doge][doge],good
美国的国之根本被动摇[允悲]，这才是打击要害[允悲],good
都这样了 学生家长还不站出来发声么 [吃瓜],good
连教授和系主任都被抓了[坏笑],good
美国笑话[允悲],good
以前以为美国多先进，这不才刚开始五四运动,middle
一码是一码,middle
能为国外和自己利益相关不大的一群人。反对，抗议在本国政商界占据重要地位的犹太人。并为自己的言论和主张，坚决抗争。老美有些地方还是值得认同和肯定的。,good
双一流大学抓党建,good
想表达的是中国教育的成功？,good
@美国驻华大使馆 Freedom of speech[爱你],good
谁敢反拿坦克压,middle
都忘了之前的事儿了么,bad
看，豆腐渣工程,middle
危险正在逼近，人们却浑然不觉。开过去的人不知道，路面看不出来，真的命大！,bad
我老家，其实只有外面一米塌了，其他还好,good
这些人怎么敢走的？不怕阎王爷的大堂吗？,bad
看得心惊胆战，怎么也没人提醒啊，旁边没监控吗？,bad
这里 http://t.cn/A6Hv6Os5,middle
今年很不正常，整整一个月了，没有一天是有太阳的，一下雨就是暴雨，整个广东冰雹龙卷风什么的几乎隔天就来一次，还没到台风季呢！七八月份不知会不会比上年还疯？!就一个晚上的雨就把半个香港都淹了，太恐怖了!,bad
这是哪里？,middle
来个大货车分分钟就塌了,bad
后面的车还在开[喵喵],bad
罕见下了一个多月的雨，各种滑坡塌方多的去了，只不过没造成伤亡没什么人去关注而已，这种反常天气少出门，五一那都不去。,bad
看着都害怕，过路的车辆以及骑车的人都还不知道 20号广东某市暴雨 好多城镇被淹，好多车泡在水里 跟前几年的郑州洪水和河北洪水滔天巨浪🙏只希望好人一生平安！#梅大高速塌方已致48人死亡# ,good
拍摄的人报警呀,bad
为啥不及时联系部门处理可以挽救这么多家庭[伤心],bad
倒也不必这样来关联梅大高速，根本不能相提并论。主要还是当地今年极端雨季多、土壤含水量超高，本身这种道路就是几十年前基底，施工工艺技术比不上近年进步，加上河道近期施工，对面河岸拦截很大一部分，碰上极端洪水，冲刷掏空河床底部……平时这条河都是没什么水的。[笑cry] http://t.cn/A6HPKxm2,good
这个与梅大高速的事根本不能相提并论！这是4月21日的事，当地遭遇强降雨，造成了一小部分堤岸坍塌，基本不涉及路面的。情况发生后，当地政府和水务部门立即采取了确保过往行人和车辆安全的临时措施，并立即开展修复施工，目前堤岸挡墙已完成浇筑。若不是这2天该地仍在下大雨，已全部可以修复完毕了。,bad
或许这就是我的中国吧[泪][泪][泪][泪][泪],good
拍摄者快报警110[思考],good
我也想问这是哪里？//@快活滴小果子:这是哪里//@天真不是幼稚-:这里 http://t.cn/A6Hv6Os5,bad
保时捷这个app，只能解锁，屁用没有[允悲],good
[赞],good
求问911之前先买一个m4有必要么，还是建议一步到位,bad
666,middle
保罗可以分享一下你这些车长期用车感受么，感觉有用，准备买车,bad
[二哈] http://t.cn/A6T6Y4Am,middle
7辆车，羡慕啊！[哼] 我里两辆，一辆艾玛一辆雅迪[苦涩][苦涩][苦涩],good
苹果表早就可以开特斯拉了吧……,good
6啊,bad
咪嘎开腻了没[笑cry],bad
小时候数学老师说：这么几个数都算不来，难道以后你天天带着计算器啊！ 现在：嗯，手机。,good
那就开着SU7去提保时捷[允悲],good
这说明app里还有别的功能，比如看你消费了竞品对手的车，后台就会提醒厂里躺着抽华子的工人，该起来干活了[笑cry],bad
[doge][doge]Car  后面应该加s,bad
还差2个格子,bad
羡慕[爱橙橙],good
羡慕,good
图片评论 http://t.cn/A6TXUQHn,bad
保罗7台车平时怎么安排分配[doge][doge][doge],middle
实名羡慕了,good
光撕开不捏两下没灵魂,bad
神金,good
[可乐],bad
[吐],bad
[允悲][允悲],good
现实中应该很难撕开吧[笑cry],good
这是测评衣服的吗？,good
衣术家？[doge],middle
衣领剪了一刀,middle
[黑线],middle
[吐]生津,bad
真带劲,good
嘿嘿,middle
啥意思啊？,middle
神金,good
想吐🤮，是不是生病了[泪],bad
[微笑],good
神金视频,middle
超喜欢[打call],good
后续呢[doge],middle
这是裁员裁到大肿瘤[哈哈],bad
职场爽文,good
小厂是这样[笑cry],good
老板和管理层。。。克公司,bad
@hundannuoqi,middle
确实，一家企业公司想做大，老板和管理层的能力至关重要。 但大部分企业都是做不大的，老板和管理层也是没有能力的，把这些负面因子优化掉，还能让真正干活的整点小钱,good
《公司不养闲人》,bad
老板跑路没卖设备？没卖材料？,bad
裁到了个肿瘤[doge],bad
股份制改革[赞],good
[允悲] 果然 咱们工人有力量💪🏻,good
这不就和过去国企差不多。,bad
砍掉的都是拿高工资不做事的,bad
欠了一堆钱还不上可能会企业重组，资不抵债也可能直接没了,bad
这是苏泊尔?,middle
[打call],middle
就不太可能，,bad
这不算啥，西安地铁电缆事件才是真的裁到大动脉！,bad
一定不是国企…,bad
乐视,middle
6,bad
恭喜，您的微博获得上饶同城微博榜排名第79名！进榜单的本地微博都在这里，点击查看>>http://t.cn/A6TkLplp,bad
美女,bad
嘻嘻，拿下初中喜欢的同桌了[太开心],good
天气看起来不错,good
我天！太美了太美了！,good
恭喜，您的微博获得上饶同城微博榜排名第38名！进榜单的本地微博都在这里，点击查看>>http://t.cn/A6Tg2oqv,bad
可[good],middle
有样子,middle
认识一下[doge],middle
安逸,good
博主已开启一键防护模式 你无敌了哈哈哈哈哈哈哈哈哈哈,good
照片咋拍的这么清晰呀宝宝 我的睫毛老是拍不出来[泪][泪],good
宝宝你是一个雪媚娘[哇],good
真的美绝了[春游家族][春游家族][春游家族],middle
好美[亲亲][亲亲],good
你好，你感兴趣的“冒个泡”已开通了超话社区～ 超话社区是微博旗下兴趣互动社区，快来与志同道合的小伙伴们一起交流互动吧！ 戳我进入>> #冒个泡[超话]#,good
[good][good][good]太美了,good
人太多了[裂开],bad
恭喜，您的微博获得上饶同城微博榜排名第60名！进榜单的本地微博都在这里，点击查看>>http://t.cn/A6HvqaQS,bad
仙女下凡三位[good],bad
好像应该是先出来吧[嘻嘻],good
恭喜，您的微博获得上饶同城微博榜排名第47名！进榜单的本地微博都在这里，点击查看>>http://t.cn/A6HPYZcQ,bad
私信先,good
今晚一定去捧场,good
恭喜，您的微博获得上饶同城微博榜排名第85名！进榜单的本地微博都在这里，点击查看>>http://t.cn/A6TeK7z2,bad
[给你小心心][给你小心心][给你小心心],bad
恭喜，您的微博获得上饶同城微博榜排名第88名！进榜单的本地微博都在这里，点击查看>>http://t.cn/A6HPYwK1,bad
私信v,good
绝美,good
好漂亮,good
宝宝认识下咯 互关下,bad
这好看耶[赞],good
好美,good
私信v,good
私信v,good
在吗,middle
私信v,good
私信v,good
好看,good
私信v,good
你好结婚[泪][泪][泪],good
绝绝子嗷[馋嘴],middle
小姐姐你！好好看,good
我是陈誉天，玩吗？,middle
私新v,good
可惜没丝[允悲],good
好白的指甲,middle
好腿 认识一下,good
[good],middle
[娜维娅][娜维娅][娜维娅][娜维娅],good
你想不想花四个小时给我的兄弟来个高强度的肌肉按摩？,good
在我二十多年乏味的时光里能刷到你无疑是对我活着的最好证明[doge],middle
有意回收二手丝袜 礼貌问价,bad
黑色鞋子叁字真靓[哇],good
哥们你五官长得真牛逼啊[泪],good
佛山附近,good
哇塞呀这个,bad
美女合作吗,bad
姐姐杀我,middle
好长的腿[doge],good
纯欲风,good
册亨美女,middle
姐姐该擦镜纸了,middle
接拍摄嘛,middle
怎么合作,bad
哇，好美,good
身材厉害了,good
姐姐好美[送花花],good
d,middle
恭喜，您的微博获得上饶同城微博榜排名第66名！进榜单的本地微博都在这里，点击查看>>http://t.cn/A6HvqaB7,bad
[good],middle
[good][good][good][心][心][心][心],good
恭喜，您的微博获得上饶同城微博榜排名第8名！进榜单的本地微博都在这里，点击查看>>http://t.cn/A6HvqXOG,bad
我已给你点赞了！请互赞！谢谢！,good
我找到原视频看了一下，那个家长的情况，除非本博，否则我怕那个孩子会失望。如果你怀揣治病救人，救死扶伤的心态，在了解长期投入，且可能在就业地点选择要求不高的情况下，不管多苦多累都能坚持，那确实可以学的！但凡我说的条件不符合，不了解，有过高期待，那个家长都不建议，不是所有人都不建议！,good
张老师，我表妹今年高考理科，预计能一本线上三四十分，她想学医，家里都是农村的，父母是农民，还有一个读初中的弟弟，这种情况下应该建议学什么专业呀，就是比较好进体制内的,good
所以说学新闻的……,good
张老师每天在辟谣的路上跑。。。瘦了吗[允悲],good
本人亲自辟谣[doge],good
这帮搞新闻的你还不了解吗,middle
想给我不到两岁的孩子规划学医[允悲]，除了努力挣钱攒钱，我还能怎么提前卷下自己帮助孩子？,good
应该是很多次都提到，读医回报周期太长，家庭条件不好确实是挺困难的。我问我家学霸老公当年为啥不读医去读计算机，他就是说家庭条件不允许。,good
张老师可真不容易，现在新闻报道都讲一个没有预置条件的删减稿,good
这些媒体真，，，，,bad
请问广西考生报哪里免费的医学生比较好呢？堂弟近600分，家里条件一般。他个人想学医，奈何家里经济条件不好，还有个弟弟读小学。,good
你火了以后，鲁迅出镜率就低了[笑而不语],middle
新闻学魅力时刻,good
其实也没什么正事能推了，帮帮忙[二哈][二哈][二哈][二哈],bad
作为普通家庭学医8年制毕业，在某top100三甲医院工作多年的小医生，说一句，普通家庭可以学，有门手艺也挺好，就是不要太有情怀，当个工作就行。,good
很快就会出现：张雪峰建议普通家庭不要结婚生小孩买房。。。。这样的谣言,middle
雪峰老师用亲身经历验证他说的新闻学那句话[doge][good][doge][doge],good
医学生建议别学医[doge],middle
不要学医，不要学医，不要学医！考一辈子试，刷一辈子题，别问我怎么知道的,good
支持张雪峰老师，现在就开始热搜了，无法想象到6月份会怎样。。。,middle
王选的故事应当编入教材，让后辈的人都记住！,good
她的存在知道好几年了，但也只是这样的只言片语，不知道具体，希望她安好,good
致敬英雄王选[good][good][good],good
向伟大的战士王选致敬！[good][good][good],good
国家给予支持吧！！！个人力量太微弱！！但是我支持！！！敬佩！！至极！！！,good
今天才知道，她比我们大多数人勇敢,good
这事，央媒没人报道？没人资助？,middle
公民！最近读马克思，深刻认识公民！,good
🇨🇳@优秀的王选女士您好[握手]五一节假日快乐[咖啡]❤️🌹🌹🌹🌹🌹🌹🌹🌹🌹🌹🌹🌹[心][给力][给力][ok][ok],good
她的名字在历史长河中有一席之地[心][心],good
王选先生，曾有幸在复旦聆听演讲和交流。张纯如先生之志终将得尝所愿。,good
伟大的同志[太开心]王选女士，你的伟绩永存,good
為民族英雄王選點讚[赞][鲜花][心],good
我也是今年才知道她的，以前为什么没有报道过？,middle
当代青年都需要这种魄力这种毅力👍,good
因为上面不给流量[doge],bad
原子弹下没有冤鬼,bad
希望奔波在前线的各位英雄身体健康，一切安好[抱抱],good
日本战犯被判死刑的也就六七个。日本天皇根本就没有审判,good
[good][good][good][good][good][good],middle
不是，你们运动会真的没有五千一万？真的没有？[衰],bad
5000米和10000米一般都是初中男生的运动会项目，女生是3000米和8000米，普通学生都可以报名，不是体育生专属。除此之外小学初中高中会组织越野赛，小学越野赛的距离在三公里到五公里，，初中高中越野赛五公里起，，越野赛一般选择冬季举办，，比赛前不让吃米饭,good
终于明白为什么成吉思汗能一路杀到欧洲了,good
有点夸张，什么学校运动会能没有五千，一万米？,good
阿[疑问]啊[疑问]我点进评论区以前一直以为图上都是开玩笑的，你们评论区不会也在合起伙骗我吧[疑问][疑问],bad
内蒙古人，随便问[doge],bad
首先这不是说跑就跑的，标题党不可取。其次也没必要吃惊吧？5千1万有点儿运动基础的基本上都能跑下来，我们院队新生平时的体能训练都是跑5000米起步，很普通了,good
我就来看看谁在替我们耐猛人呵陀,bad
里面的所谓内蒙古ip全都是在扯犊子[哈欠],bad
运动会跑半半马？！[融化][融化][融化],good
女生十二圈半，男生二十五圈，小学开始就每年冬天还拉出去全校跑越野，你们居然真的没有!!![裂开][裂开][裂开][裂开][裂开],bad
霍去病是真的牛呀！,good
学校运动会1500因为凑不到人取消了……,bad
@大奔不吃螃蟹还有香菜 @努力上岸JYY 我们不会都成为废物吧,good
妈妈呀，我八百米跑完就倒，一千五就得打车,good
请教一下五千一万的都跑多久哇[跪了],bad
我记得我们初中就有5000米，女生好像是三千米，大家都可以报。然后每个学期还有冬季越野赛，六公里，非特殊情况不能请假。越野赛还挺重大的，全校参与，要从校门口跑到校外。每天还有早操、课间操、下午操。,good
我们大学和高中有，随意报名，不强制，一般都是男生[允悲][允悲][允悲],good
我要找个内蒙人核实一下,bad
不是，真的初中就有三千米和五千米？我上大学后才跑的三千米，大三才跑的五千米，哪怕跑了两年我都没敢试跑一万米，五千米已经是我极限了，不行再加400米，再多跑一米我都直接倒地[衰],bad
我还是挺希望他们降价的,middle
肯定会越来越好的赶紧去看起来,middle
国产手机发展的速度越快它的销量下降的越快,good
让人印象深刻的简直绝绝子,good
苹果手机又贵又没有什么特别的，现在我们国产手机的性能非常好,good
身边好多认识的人都从苹果转成安卓了,good
除非哪天苹果手机降到5000块钱以下,bad
他家是不是不让考古这部剧,good
一个善良的人，就象一盏明灯，既照亮了周围的人，也温暖了自己，善良无须灌输和强迫，只会相互感染和传播。所以，做人不一定要顶天立地，轰轰烈烈，但一定要善良真诚 ​,good
其所善者，吾则行之；其所恶者，吾则改之。——《左传》,bad
弘扬爱国主义精神，必须坚持立足民族又面向世界。中国的命运与世界的命运紧密相关。我们要把弘扬爱国主义精神与扩大对外开放结合进来，尊重各国的历史特点、文化传统，尊重各国人民选择的发展道路，善于从不同文明中寻求智慧、汲取营养，增强中华文明生机活力。,good
“苟利国家生死以，岂因祸福避趋之”，我们现在就应该脚踏实地的从身边平凡的小事做起，不断陶冶爱国之心，增强爱国之智，将来为我们的祖国贡献力量！,good
不要因为众生的愚疑，而带来了自己的烦恼。不要因为众生的无知，而痛苦了你自己。,good
为善，于己为善；与人有路，于己有退。他人有过不究，于人有恩莫念，爱人先爱己，责人先问心。地至秽者多生物，水至清者常无鱼。对待伴侣需要包容，对待朋友需要宽容。君子有容人之雅量，不会为小事而一争高下。,good
善良是一种修养，善待他人就是善待自己，要想得到别人的爱，首先要学会爱别人，一个善良的人一定是温暖的人，乐于助人的人，懂得珍惜和感恩的人。,good
“自由、平等、公正、法治”，是对美好社会的生动表述，也是从社会层面对社会主义核心价值观基本理念的凝练。它反映了中国特色社会主义的基本属性，是我们党矢志不渝、长期实践的核心价值理念。,good
乐善好施、扶贫帮困， 是中华民族的传统美德， 相互帮忙、患难扶持， 是社会倡导的时代新风， 月有阴晴圆缺，人有旦夕祸福。,good
善良是一种修养，善待他人就是善待自己，要想得到别人的爱，首先要学会爱别人，一个善良的人一定是温暖的人，乐于助人的人，懂得珍惜和感恩的人。,good
传播正能量是一份积极的心态，可以让不良情绪释放干净，使自己的内心充满自信、豁达、进取；使别人感到暖和、温馨、友善；使社会和国家团结、文明、和谐。 ​,good
人人存善念，并能日行一善，则个人、家庭、社会一定安乐祥和。这世上，有时笑笑人家，有时给别人笑笑自己，放轻松，给自己快乐，也给别人快乐。同学丢一张纸屑—那是制造恶业；我们捡起一张纸屑—这是累积善业。,good
稠得曲曲折折,middle
阳光，是前行的火，点亮我们前行的灯；阳光，是前行的灯，照亮我们前行的路，拥有阳光，帮助我们驶向成功的码头。,good
《礼记·学记》：“发虑宪，求善良，足以謏闻，不足以动众。” 孔颖达 疏：“良亦善也。又能招求善良之士。”,good
倡导富强、民主、文明、和谐，倡导自由、平等、公正、法治，倡导爱国、敬业、诚信、友善，积极培育和践行社会主义核心价值观，弘扬爱国主义精神，必须坚持立足民族又面向世界。 ​,good
人人存善念，并能日行一善，则个人、家庭、社会一定安乐祥和。这世上，有时笑笑人家，有时给别人笑笑自己，放轻松，给自己快乐，也给别人快乐。同学丢一张纸屑—那是制造恶业；我们捡起一张纸屑—这是累积善业。,good
向善是一种文明，也是一种光明。善良之举，需要人人拥有。善良之歌，需要人人唱和。让我们一起轻掬季风，淡挽流云，抚一弦清音，让幸福在平凡，平淡中盛开如兰，让善良之歌在红尘的原野里辗转悠长。 ​,good
善良是一棵生机无穷的种子，只要你舍得播种，就会有你意想不到的甜果。善良是一束美丽的玫瑰，当你赠送他人时，也为你自己留下了满室的芬芳;善良是冬天里的太阳，在照耀了他人的同时，也温暖了你自己;善良是充满芬芳的香水，当洒在别人身上时，自己也会溅到两三滴。,good
太过分了，做事没有诚信！,bad
浪费粮食的人花钱买到了安心，店家用水省了成本，大家都赚到了,bad
太过分了,bad
都给我开除了一个也别剩[微笑],bad
茶百道马上处理了，华莱士调查研究一下。,middle
拿钱就要办事,bad
做人没有诚信 做事没有底线是非常可怕的…,bad
诈骗,bad
我投给了“不要点外卖送爱心了，善心可能被浪掷”~,good
这种商家就是又没诚信又坏比秧子啊 顾客花了钱 你管人家人家是干嘛的啊 花钱就是要你出产品啊,bad
什么吊东西,bad
什么叫敷衍爱心 这是诈骗消费者 消费者买了商品怎么处置是他的事儿 你没有给到消费者商品这叫商业诈骗是犯法 别混淆概念,bad
连这种事情的钱都要赚吗？真的太丢脸了,bad
一点商家的诚信也没有,bad
大家都是实打实花钱买的 他们凭什么觉得发空包,bad
花枝叶下犹藏刺、人心怎保不怀毒； 世间海水知深浅、惟有人心难忖量。,good
死人的东西都克扣，也不怕被半夜找上门[摊手],bad
我其实是觉得这样很浪费粮食，拿爱心去帮助真正需要的人吧,middle
做生意连最基本的诚信都可以抛，那生意还能做得下去？！,bad
吓死了 我以为你偷钓少熙的鱼 [doge][doge],bad
陈波不在家 你没去熙湖钓一下？[doge],good
稍息的好哥们白鹭没去陪你啊[doge],middle
不懂，度了一下 http://t.cn/A6Hv0XUR,bad
这就是后陡门空巢老人的生活吗[doge][doge],middle
正好串起来，烤鱼儿[并不简单],good
怎么不去ber的塘子里钓[doge],bad
串儿在家啊,middle
导儿,middle
今天哥们杀疯了了啊[泪][泪][泪][泪],good
送我,middle
好好好导儿钓鱼也是被你整上了～你应该去熙湖钓一钓～,good
但是某位三总偷偷在西装里面穿渔网上舞台了，喊他脱掉他还装没听见[思考],good
真·自给自足！！！,middle
你咋不去塘里钓啊,bad
串儿在陶冶情操嘛[doge][doge],good
ber不在家，这不高低得去“熙湖”钓一条[偷笑][doge],bad
可以趁少塘主不在家[doge][doge][doge][doge],bad
把你留在后陡门的夏[笑而不语][笑而不语][笑而不语][笑而不语][笑而不语]@串儿导,bad
串儿导你好休闲[doge][doge],middle
别侮辱这个歌了好吗,middle
二次元的命就不是命了？？,bad
这歌也配他们唱？辱未闻花名了,good
谁允许你们唱的 创死每一个搞过楼的💧,middle
20秒，一开唱我就崩了[泪][悲伤][苦涩]养成系最可怕的就是你随便拿出一个记忆碎片，我都可以用回忆将他拼凑完整。阳光，阴雨，花开，微风[苦涩]少年开心时，眉梢嘴角漏出的光束，肆意，张扬，热烈，真挚[泪][泪],good
这首歌对于搞过台风十子的我是绝杀 谁允许你们唱的,good
别搞喔啊啊啊啊啊老天爷，时代少年团给我在一起一辈子,good
这个歌跟这个团有什么关系，路人好奇,good
一首歌可以有很多意义，因为这首歌对我们有意义所以我们唱了，又不影响你们继续喜欢你们的番，来我们的评论区舞什么？？？某些人什么癖好，又在这搞审美霸凌？？？侮辱别人喜欢的东西这么爽？？？真服了[微笑][微笑][微笑],good
。。。我比较想知道有没有拿到版权（拿到版权了当我没说）,bad
我的小队长怎么哭了，你一哭我的心就碎了，宝宝不哭了,good
我诅咒时代少年团永远在一起[泪],good
我真的[泪][泪][泪]这首歌太犯规了,good
搞过楼的听不得这歌啊[悲伤],good
重庆是梦想的开始，北京是梦想的未来[泪],good
养成系创造的羁绊跟野草种子似的，你觉得自己可以抛弃过去，但每一个互不相干的夜晚实际上羁绊的种子都在肆意疯长,good
随机创死一个20年上楼的,bad
从头哭到尾！,middle
谁准养成系唱这首歌的…,good
时代少年团，一直坚定的走下去叭,good
让我去套路一下大帅哥王一博行不行[舔屏],bad
我也喜欢王一博[亲亲][亲亲],middle
给我一个机会，我也能做这样的观众和王一博说土味情话[比耶],good
王一博走过的路！都是观众欣赏的路[酷][酷]（难得给他开个无伤大雅的玩笑啊，观众也是小心翼翼的哈哈哈哈）。王一博的路演，谁不激动[爱你][爱你],good
我要和王一博谈恋爱[收到],good
就喜欢看男女老少撩他的样子[嘻嘻][嘻嘻],good
就是，一天天的套路我们王一博 http://t.cn/A6HPCigS,middle
让我去给王一博讲一个土味情话[给你小心心],bad
我也能给博子哥讲土味情话 都让开 让我来🙋🏻‍♀️让我来,bad
哈哈哈王一博有被土味到[doge]不过我建议多夸他,good
我也想去套路王一博💚,bad
好美貌啊[送花花],good
太喜欢王一博了,middle
我也想跟王一博谈恋爱[喵喵][喵喵][喵喵],good
哈哈哈哈，王一博好可爱,good
@UNIQ-王一博 杨震我保证我不会套路你[阴险]#王一博维和防暴队# ,bad
王一博好帅💚💚💚,bad
王一博[哇],middle
哈哈哈哈哈王一博好可爱,good
就是喜欢我们的大帅哥王一博[哈哈][哈哈][哈哈],middle
刘宇宁,good
期待刘宇宁[给你小心心][给你小心心][打call],good
刘宇宁[爱慕],good
南珩/离十六@摩登兄弟刘宇宁 ，期待相见，祝福拍摄顺利，万事顺意～,good
期待刘宇宁[送花花]@摩登兄弟刘宇宁,good
期待刘宇宁-南珩[打call],good
期待 《南珩/离十六》@摩登兄弟刘宇宁 ㊗️开机大吉。顺顺利利。大红大紫[送花花],good
期待刘宇宁[哇],good
刘宇宁书卷一梦开机大吉！期待南珩/离十六@摩登兄弟刘宇宁,good
【南】风展书卷，君子【珩】华引命途；寰【宇】载旧梦，宿命可争盼长【宁】。看@摩登兄弟刘宇宁 演绎南珩，争生死歧路，破宿命浮沉。 http://t.cn/A6HPTQnk,good
期待@摩登兄弟刘宇宁,good
啊啊啊啊我的南珩好帅[送花花][送花花][送花花]@摩登兄弟刘宇宁,good
梦幻风流，一曲情深。书卷扬墨意，梦中探真心。💛愿@摩登兄弟刘宇宁 在拍摄中心情愉快，每一场戏都充满收获，拍摄顺利💛,good
刘宇宁越來越好💕期待最棒的刘宇宁💕 ❤️@摩登兄弟刘宇宁,good
南珩太帅了啊！开机大吉[哇][哇],bad
刘宇宁[爱慕][爱慕][爱慕],good
南珩啊啊啊,good
老大开机大吉，顺顺利利！@摩登兄弟刘宇宁,bad
南珩，一朝入梦，不畏天命 离十六，提笔展卷，只为真心 ㊗开机大吉，拍摄顺利，爆火大旺！ @摩登兄弟刘宇宁,good
南珩[送花花][送花花][送花花]@摩登兄弟刘宇宁,good
谁能说她不是天才呢！[求饶]转发本条漫画，抽一个小可爱送【非人哉】神来四季亚克粒粒春款！快来试试手气！ http://t.cn/A6HPTccK,good
精卫：突然暖暖的，原来你也为妈妈感到不甘阿[悲伤][悲伤][悲伤],good
下次让他们三变人形，我比较想看[doge] http://t.cn/A6HPTJhO,middle
葬爱精卫：把我的爱埋葬进大海[酷],good
孩子辈好多天才[哆啦A梦害怕] http://t.cn/A6HPTIT1,good
1011号计划，就是这集的集数[二哈],bad
像妈妈这样的孩子[二哈]好好笑,good
宝宝们，你们有点儿学偏了啊 http://t.cn/A6HPTO57,good
葬爱家族分家的葬海家族是吧[doge],good
伟大诞生于理想主义,good
年纪大了，竟然看哭了[苦涩]宝宝是个好宝宝,good
葬爱精卫家族[doge],good
精卫你简直就是一个美神…………啊啊啊啊啊啊啊啊啊啊啊啊啊啊啊啊啊啊啊啊啊啊啊啊啊啊啊啊啊啊啊啊啊啊啊啊终于又画到精卫主场了妈妈我爱你女神我爱你[泪][泪][泪][泪][泪],good
海鸟BOYS[doge],middle
妈祖和精卫联动了[悲伤],good
孩子你真是个天才！[666]不过，我寻思妈祖美妆也没走杀马特画风呀[允悲],good
《妈，是你太天真了！》,good
好感动啊[泪]拯救妈妈这样的孩子[泪],good
它似乎没有想过，以它的体型游得再好也不大可能把溺水的孩子救上岸[疑问],good
天才精卫小鸟[耶][悲伤]！,good
很好听 循环着[送花花],bad
太好听了 夸爆你,bad
好听的嘞[awsl] http://t.cn/A6HPkNUQ,middle
你唱歌是要我的命吗[抓狂][抓狂]太好听了,bad
你简直太会唱了[泪][泪][泪],good
好听好听爱你是我的命运[可怜][可怜][给你小心心][给你小心心],good
这么活跃 本人吗[喵喵],middle
如呱不是遇见你，你的如果咬字咋了[喵喵][喵喵][喵喵],bad
鲨疯了姐[泪]太好听了[泪][泪][泪],good
你也太会唱了公主[泪][泪][泪],good
我说命运呐,good
好好听的  你怎么这么会唱,good
营业两次哦,bad
宝贝太好听了!!好会唱啊啊啊啊[哇],good
@张碧晨 我的命运也是被你妥妥的拿捏[doge][awsl],good
哦呦你今天好活跃啊老公姐[喵喵],middle
好喜欢[抓狂],good
太好听了[泪]今晚又要流着泪睡去了[泪][泪][泪],good
你真的太会唱了[苦涩],good
大家听《命运》，今晚都别睡了[泪],good
北京市广电局做了一件利在当代，影响深远的大事，是值得肯定的！,good
中国人民最悲痛的日子。[蜡烛][蜡烛][蜡烛],middle
🙏🙏🙏,middle
有他开创的社会主义精神财富很快会实现,good
[亲亲],middle
看了都泪目[泪][泪][泪],good
这博文相当的给力!!!,middle
少年赤子之心。,good
就是支持你！,middle
值得我用心去看完,good
必须支持的观点,good
嗯，不错，赞一个,good
实在太么好看了,middle
不赞都对不起人民群众了,good
前程似锦,middle
值得我用心去看完,good
我开始喜欢博主了！！！！！！！,bad
我开始喜欢博主了！！！！！！！,bad
啥也不说了，随手就是10086个赞！,good
我先忙哈[举车][举车][举车],bad
啊啊啊啊啊，宝宝今天帅爆了 http://t.cn/A6HP8fPE,good
今天盐买少了，因为买的是爱周深的无需多言 🫰🏻[酷]🫰🏻 http://t.cn/A6HP8VBd,good
宝宝看常州米缸安排的地铁大灯箱啊啊啊喜欢吗喜欢吗！！！宝宝以后多来常州玩好不好🥺🥺🥺这次大家真的都很很很很开心的！！ http://t.cn/A6HPjvfY,good
热烈祝贺宝贝（准备）完成1/929次RAP唱跳KPI！！[doge][doge][ok] http://t.cn/A6HP8fva,good
大家来找茬：P3和P6哪里不一样？ http://t.cn/A6HP8fA5,bad
宝你看米姐做的奖状 差点没笑死我哈哈哈哈哈哈哈哈哈 http://t.cn/A6HP8Ihj,good
老公晚上好[亲亲][亲亲],middle
好巧!一会儿加油！不紧张不紧张[打call][打call],good
甜言蜜语我不太会，但当我看到你的笑，噢～宝贝，令人陶醉。最近的我凌晨5:25都无法入睡，原来是看不到你的笑，我浑身不对。后来我才发现，你的笑就像我穿着裤子尿尿，大家都能看到，但是暖暖的只有我知道,bad
宇宙无敌大帅哥来咯  宇宙无敌大帅哥来咯  宇宙无敌大帅哥来咯  宇宙无敌大帅哥来咯 宇宙无敌大帅哥来咯 宇宙无敌大帅哥来咯  宇宙无敌大帅哥来咯  宇宙无敌大帅哥来咯  宇宙无敌大帅哥来咯  宇宙无敌大帅哥来咯  宇宙无敌大帅哥来咯  宇宙无敌大帅哥来咯,good
宝宝一会见[哆啦A梦花心][举车][举车][举车],good
你最近看那个什么炎了嘛？没有你我苦不堪言啊宝宝😭,middle
@卡布叻_周深 啊啊啊啊宝宝我抢到票啦！深圳见！【亲亿口！ http://t.cn/A6HP8fDt,good
你最近看那个什么炎了嘛？没有你我苦不堪言啊宝宝😭,middle
深深小太阳，虽然对你说过那么多真情流露的话，但我还是想要告诉你，你就是新时代最优质的偶像！你一定会火遍全🌏！！因为你值得！！！【对，俺们河北生米会永远陪着你，喜欢你，love你！【你向着音乐梦想的顶峰，我向着你，一起加油！期待某天再见面！【答应我一定要好好的哦，蟹蟹有你@卡布叻_周深,good
宝宝啊啊啊啊啊啊,good
大家好，他是我男朋友，虽然还没公开我们的关系，没见过父母，没有被亲朋好友祝福过，没亲手为他做过一顿饭，没有他的电话和维信，但嘴长在我自己脸上，我说是就是[举车],good
啊啊啊啊啊啊宝贝宝贝,good
我的妈，我的姥，我的褂子，我的袄，我的大姨和姑奶，吓得我一瘸带一拐，我的爹，我的爷，我的袜子，我的鞋，我的大伯二舅爷，我的裤子尿半截，我的妈，我的仙祖奶奶，七舅姥爷，我的儿，我的娇，我的梅花螺丝刀，我的爹，我的娘，我的姨父卖红糖，我的心，我的肝，我的红豆萝卜干 我的周深我的宝,good
［提醒］不要因为这个怀疑别人对你的关心和爱,good
惹你-你生气-说你情绪有问题-说你烦-你道歉-继续惹你,middle
例如：《你怎么又闹脾气》《你这么想我也没办法》扣上帽子然后大事化小,middle
先给你扣帽子，然后你的情绪爆发了就说你情绪有问题。,good
对于一身反骨的人来说，pua是不可能存在的[doge],good
原来我爸妈是心理学大师[doge],good
我爸妈就是最大的pua选手[666],bad
即使是烂泥也是独特的烂泥,good
坚决做自己不被pua,bad
又学会了一个煤气灯效应新词,good
学到新知识了,good
今天又涨了一个知识点很不错,good
我没有遇到过,bad
原来如此真的好吧,good
要有一颗强大的内心,good
所以对任何人要有防范意识,good
反正我这一身反骨受不了别人打击我,bad
如果被操控是真的非常可怕,good
这种效应要远离有多远离多远,middle
这次真的学到了学到了,good
肚肚绝对不能着凉，要不盖肚脐眼也行[嘻嘻],good
哈哈，中国的所有宝宝睡觉都要盖肚肚,good
睡觉必须盖着肚脐眼[太开心][太开心],bad
睡觉必须盖上肚肚！[熊猫][熊猫][熊猫],good
中国的宝宝睡觉都要盖肚肚，不然容易拉肚子[亲亲],good
睡觉盖肚脐眼[doge][喵喵]兔子家小孩子标配,bad
懂了，刻进基因里的优良传统[嘻嘻],good
碎觉觉，盖肚肚，乖宝宝,good
盖好小肚肚[哈哈][哈哈],good
哈哈哈 肚皮不能着凉,good
中国的大宝宝小宝宝睡觉都要盖肚肚[哈哈],good
种花家睡觉必须盖好小肚肚[哈哈][哈哈][哈哈],good
【#大熊猫是中国特有种的铁证#：睡觉必须盖上肚肚！[哈哈]】,good
晚安😴http://t.cn/A6TsPqNg,middle
嘻嘻，别的可以不盖，肚子千万不能不盖[嘻嘻],good
所有中国宝贝都要盖肚子[喵喵][笑cry],good
睡觉必须盖住肚脐[笑cry][笑cry][笑cry]，铁证,good
可爱的大海宝宝，晚安[抱一抱],good
哈哈！！笑笑笑了！！ 晚安！好夢！！🌹,good
可爱的胖大海还知道盖被被[嘻嘻],good
我踏马第一次在少爷脸上看见这种表情ㅋㅋㅋ,bad
好久没见少爷笑的这么开心了[爱你],good
51P想要，51P得到！[doge],middle
互为理想型就是永远还是会被对方吸引，哪怕努力躲避，嗑晕了,bad
哈哈哈哈哈哈少爷你笑吧 你别装了,good
老1的恋综从第十期才开始，一秒八百个五彩缤纷的小表情，推土机速速给我看看实力,bad
人就是会反复踏进同一条河流,middle
节目第十期了 混子少爷正式开启恋综 一秒无数个小表情和小动作 少爷之前说自己如果喜欢就会是推土机模式 看这个表情的确如此啊,good
“但我不知道是收到短信才被吸引，还是说不知不觉就已经被吸引之中了，我也不知道”！谁懂啊！我真的很心动很懂这句！从第一次见面就发短信给智媛，到后面虽然不断错开，但彼此已经不知不觉被吸引，突然意识到的瞬间，真的会很心空！这种其实已经有感情基础了，只是因为外在因素或者过往经历意识比较晚,good
51想要，51得到！嘴角比ak都难压[馋嘴],bad
宰亨：我的笑憋不住,bad
原来磕对了是这种感觉 啊啊啊啊啊啊,good
你小子，我就说恋综混子是没遇到心动的，15批又吃到好饭了！！！！！,bad
都因为是之前交往过的类型，看到对方就会想起之前的人，怕还是会没有好结果，所以不敢前进，小心翼翼，可是终于！！！！还是行动了！！别劝我！！谁都别劝我！！！我就是爱嗑这种！！！！啊！！！！！,bad
今天我们坐在这里是庆祝我的CP终于离结婚只差说第二句话了👍🏻,bad
妈妈，我们51好像稳了,good
@isismomo 少爷的春天要来了吗,good
约会试试！,good
啊啊啊啊啊啊啊啊啊啊推土机 给我轰轰轰轰轰,good
@人情味eri 配[打call],good
我这里下中雨，在家里躺了一天[拜拜],good
帅到我了，需要负责一下,good
不是小段，你这照片是不是在球场拍的？我怎么看到了一个棒球帽的影子,good
哈哈，不是小段你这么一穿，感觉板球短裤要成为下一个街头流行了,bad
这不清纯男高吗,middle
看到这板球小子的装扮，我决定明天穿个水桶出门，也算是跟上潮流了,middle
网球打得好还是需要很大的努力的,good
身姿矫健，意气风发，展现无限魅力,good
运动的男孩子最帅气最青春了,good
球拍好喜欢感觉颜色搭配很好看,good
运动风也好帅[憧憬],good
挥舞球拍的姿势很迷人[打call],bad
第三天已经踏上回去的路了[泪][泪][泪][泪],good
阳光帅气大男孩就属小段[羞嗒嗒],good
好帅好帅[打call],bad
我在家里躺[doge],good
每个动作都洋溢着青春的气息，展现了生命的美好,good
这一组照片很帅气！,good
对自己的运动生活充满了热情让人羡慕,good
前两天有些累了今天宅家里一天,bad
致敬维和警察,good
致敬维和警察,good
真实远比电影残酷。希望大家都来看维和防暴队。根据真实事件去呈现给观众的，鲜少有普通观众了解的一群中国维和警察。致敬他们。,good
向维和警察致敬！！！,bad
感谢您们，护我万家灯火，岁月静好,good
致敬维和警察！愿世界和平！,good
致敬维和警察,good
向所有为世界和平作出贡献的维和警察致敬！,good
余卫东致敬维和警察的无私无畏与一腔热血 [收到][收到] @Johnny黄景瑜,good
致敬中国维和警察,good
致敬维和警察，致敬英雄,good
感谢中国维和警察👮🏻‍♂️希望这种宣传中国军人形象，凸显大国担当的正能量影片能被全世界更多人看到！,good
向维和警察致敬,good
愿世界和平，致敬维和警察[给你小心心][给你小心心],good
要和平，不要战争！致敬🫡维和警察！#王一博维和防暴队#,good
有中国维和警察存在，世界的天平，就会向和平的方向倾斜一点，再倾斜一点。致敬维和英雄！[打call][打call][打call]💚,good
致敬维和警察👍👍,good
致敬维和,good
致敬中国维和警察[心],good
谢谢你们带来的和平,good
[泪]你忽然给我来一刀子什么意思,good
没关系的小维你还有祖宗啊！（有一说一，这次活动兔兔小维小罗都有小天才电话手表乐）[阿米娅][逻各斯][魔王][維什戴爾],good
看p1笑了，看p2哭了[微笑],good
这还是我们123罗德岛吗[悲伤],good
天杀的我要把你抓起来！ http://t.cn/A6HPZGmv,good
才发现殿下的身上有白色横线，代表着殿下是虚影吗[泪][泪]yj你没有心[泪][泪],good
数字生命牢娅,good
你怎么幽我一默又刀我一下[哆啦A梦害怕],good
所以除了魔王篇还会有特蕾西娅篇的对吧[泪],good
魔王比起之前的特蕾西娅感觉感情有点不足，有种ai模仿人类的感觉[允悲],good
第一次看小漫画想上吊[微笑]鹰角网络是杀人凶手.jpg,good
他为了刀我们甚至还给特雷西娅上了扫描线效果[允悲][悲伤],good
扎个头发就能戴啦（×）： http://t.cn/A6HPiZzv,good
我昨天才吐槽w是三毛[嘻嘻] http://t.cn/A6HPzsrc,good
兄弟这是哪里，给我干到哪里来了，这还是我们123罗德岛吗,bad
宝宝想要皇冠只是因为想要小特留在身边[魔王][维什戴尔],good
首先，我早上起来心情很好。其次，我没有惹你。最后，从我家里出去[泪],good
尼玛的干嘛突然给我来一刀子[泪],good
哈特软软鼻子栓栓[悲伤],good
特蕾西娅 .....您是最温柔的魔王😭😭😭😭😭无论是现在还是过去 呜呜呜呜呜呜呜呜天杀的鹰角我要报警把你抓起来.. http://t.cn/A6HPcXm0,bad
失败女人第一步:钕铜,good
大师你不懂我有自己的节奏她绝对喜欢我,good
spiderwoman,middle
别管，我自有分寸,middle
失败女人第五....人格启动[ok][允悲],good
[微笑]爱老婆的女人不会差好吗,good
OK我五条不仅都做到了[允悲]第四条她不道歉我就已经原谅了[允悲],good
好友们放心，我这次真的不会被女人骗了，我装作被她迷得神魂颠倒，这只是我计划的一部分，够了你们不许再说了，我自有分寸,good
姐妹你放心， 我这次真的不会再喜欢心选妹了，我其实根本没有被她迷倒，我就是在假装喜欢，我能不知道我喜不喜欢她吗，我装作被心选妹迷得神魂颠倒不分黑白其实是我计划里的一部分，一切都在按计划进行，你别说了，我其实自有打算 。,good
测妹有自己的节奏,good
我一步到位[白眼],bad
一步到位直达第五步[给力],good
嘎嘎嘎不管给对象花钱是成功女人 给不可能的女人花钱和时间才是失败女人[哆啦A梦微笑],good
姐妹你放心，我这次真的不会被女人骗了，我装作被她迷得神魂颠倒只是我计划的一部分，够了你们不许再说了，我自有分寸,good
女人不道歉也原谅[爱你],middle
五一日程如下：,middle
前四步还没开始就直接执行第五步了,good
保持心中无女人的一个美丽状态,good
那个……青梅姐在成都签了娱乐公司和女朋友同居养猫，而我在物色川渝的高校希望离她近点，姐姐你以前不是喜欢♂吗？原来不是女的不行是我不行啊[悲伤],good
55555你怎么知道我的漂亮妹妹不回我消息导致我不知道发啥呜呜呜呜呜[苦涩][苦涩][苦涩][苦涩],good
不能忍了，到了景区门口被劝退，准备去其他地方，还有景区的交警凶巴巴的，我被吼了，差点心理阴影[泪][允悲][允悲][允悲][允悲],good
我都是平时工作日的时候请假出去旅游。节假日就在自己的城市待着做自己想做的事。,bad
做核酸都过来了。五一算什么[doge],good
五一还好，十一才是[哈哈][哈哈][哈哈],middle
没毛病[doge][doge][doge],bad
尽量错峰 真的 … 上厕所也不方便,bad
哪里也别去，走了个水库都有人去玩，堵死[跪了],bad
此刻挤景区的我挤一段悔一段，下次再也不在节假日出来了，真的忍不了一点。[苦涩][苦涩][苦涩],good
我昨天想去医院看头皮发痒，路上车子多的我不看行了吧，痒死算了，我头发剃光行了吧,bad
谢谢，五一到西安玩的陕西人有被冒犯到[彩虹屁][彩虹屁][彩虹屁],good
节假日真的是小区都不能出，整个长沙人多得要炸了，哪里都是人，怕了怕了，乖乖在家，给游客们腾地方,bad
没办法，除了节假日其他时候也没时间出来游玩[苦涩],middle
我可以，我不去孩子也要去，所以孩子是一切的稳定因素[笑cry],good
世上无难事，只要肯放弃。,middle
我节假日哪都不去，专门工作日出去。就是生理性晕人，看到人多头晕眼花呼吸困难还会烦躁。[允悲],middle
@三三三郎阿 哈哈哈哈哈哈哈哈哈哈哈哈 我们不能,good
还有节假日上班的酒店人，感觉这辈子也就活到这儿了,middle
上班都能忍 去玩不能？,bad
能吃苦的一生[衰],good
对于嫁接其他电影来黑片子的，姐该保护一下哦[666][666][666][666],good
姐，你真的👍🏻,middle
维和防暴队就是根据真实事件改编，我兔威武[加油],good
看看什么是真实的👍🏻,good
他们真的很伟大，看了维和警察真的和别的警察不一样，重点就是融入当地，维护和平，代表的是中国，一切都得有大国担当，了不起！,good
中国维和警察了不起。联合国新闻中心也宣传了《维和防暴队》，然而肖战家养yxh和肖战粉丝为了恶意竞争，配合外网给电影维和小分队为了解救人质扮演黑人的造型到处zy抹黑，甚至上升到国家层面，这样一个明星和刻意培养出的充满仇恨的群体，为什么就没人管管,good
向中国维和警察致敬[抱一抱],good
拿着其他片子的图片张冠李戴说是维和的，为黑而黑！,good
谢谢陈姐,middle
姐俺们不接受脏水，该治就治,bad
肖战粉丝太恐怖了，啥都要黑,good
好的。我觉得还不错，这个五一最佳[笑cry]杨震和装甲车车我最爱。。。如果可以，片方能不能受累科普一下维和的装甲和我们的最新装备，爱看[哈哈][作揖],good
这个执行过任务的维和警察有话要说 http://t.cn/A6HPtOm9,bad
第一天看维和票房很好，肖某团队和粉丝又急了，昨天开始他家养的yxh和所谓的“电影博主”就开始狂黑剧情和演员。下黑氵军，那些所谓的博主下面全是肖某粉丝团建踩电影黑演员。,good
黑子又出来黑电影了，突然刷到一堆营销号在骂了，服了，他们是包了年费黑人吗！没完没了[允悲],bad
姐姐牛🐮，有些粉丝群体真的是疯了,good
现在的人真的是太坏了，为了防爆别人，对自己的国家和同胞，对维和警察可以无所不用其极的造谣，污蔑，抹黑，完全突破了作为人的底线，绝对不能纵容，不能让这些人得逞。,bad
维和警察真的不容易，再次致敬。,good
姐真的[good],middle
[老师爱你][老师爱你][老师爱你][老师爱你][老师爱你]我唯一的姐[老师爱你][老师爱你][老师爱你][老师爱你],good
不仅紫海吊打[抱一抱]唱歌也吊带[耶]马嘉祺厉害,bad
小马好棒！！唱的真的好好听[泪][泪][泪][泪][泪],good
我要听一万遍 太好听了 我哭哭 http://t.cn/A6HPR1MQ,good
#马嘉祺楼间楼演唱会# 好伟大的舞台,bad
[淚][淚][淚]太好听了宝宝,bad
好好听#马嘉祺楼间楼演唱会#,bad
好好听[苦涩]#马嘉祺楼间楼演唱会# ,bad
马嘉祺慢冷好好听！ http://t.cn/A6HPnJTt,bad
马嘉祺牛逼,good
#马嘉祺楼间楼演唱会# 又有循环播放的歌曲了,bad
没在现场是我的遗憾[苦涩][苦涩][苦涩]#马嘉祺楼间楼演唱会#,good
全世界都应该来听慢冷！！！！,bad
我要听1亿遍。太好听了我已经哭死了 http://t.cn/A6HPnJVH,bad
真的好好听 http://t.cn/A6HPuHAR,middle
平时玩梗归玩梗，好听是真好听[泪],good
哥哥特别特别棒！#马嘉祺楼间楼演唱会#,good
好好听,middle
时代少年团我们喜欢你～,good
救命啊[泪][泪],good
绝了好听,bad
上一场别人比这还过分怎么不见给t,bad
那公子爷岂不是没人品？[doge],bad
这就败人品啦 上场指着别人脸骂就不败人品啦[疑问]是因为有局长吗,bad
败人品的行为[笑cry],bad
张镇麟心想，都是我冲别人，今天你竟然敢冲走喊[傻眼],bad
理性看球 别双标别带节奏 而且我是第一次看徐杰这样 一直憋着一股劲,good
个子不大，脾气不小[挖鼻],bad
博主什么意思，只准张公放火不准百姓点灯？,bad
上一场张镇麟比这过分，也没见给T，还好意思指别人。,bad
没事 就冲这一次啊开始粉徐中锋[good],good
张镇麟上一场那么没教养的问候人家，你怎么不说？,good
看你这ip也不意外啦[开学季] 不知道你什么人品,good
这就葡萄了？上一场抱头哥怎么说？,good
这就败人品了？对面那个做侮辱性动作满嘴脏话败不败呢请问,bad
上一场张镇林扣完篮骂人，你怎么不说呢？你怎么不说张镇林败人品呢？,bad
驰名双标[摊手],bad
球是好球，人……,middle
吼对方77号 起码没骂人 想想对面第一场怎么骂人的？,bad
是是 辽宁就不败人品 到广东就败人品了[哈哈],bad
是张公子你就不这么说了,middle
现在让它禁，以后让它后悔,bad
随便！最好把所有都一次性都禁止得了！烦不烦啊美帝,bad
大清正统在美国[doge]不过美国说的永久是可以变的，废除就可以了[嘻嘻],good
中兴当年白跪了,middle
中兴将成为真正的小丑[允悲],good
开门，自由贸易,good
关我屁事在！这边也没对谷歌，X，非死不可开放啊,bad
输不起了吗？,good
禁止所有中企[doge],bad
我们有两把杀手锏：坚决反对和强烈谴责。[笑cry],bad
那中国要禁止美国什么？特斯拉可以吗[doge],middle
谢谢。,middle
反对谴责有个屁用？以牙还牙啊,bad
小问题啦 为了全人类 相信老美会认识错误 ，回归到正确道路上[doge][doge][doge],good
1.坚决支持华为中兴等国货品牌，凡是美国制裁的，我们全力支持。2.减少对美国的依赖，加强与其它国家的合作。3.加大扶助自主知识产权力度，健全自主创新激励机制。,good
美国严选又来了[doge],good
最好一次性禁完 别隔三差五挑几家 [doge],middle
不触底 怎么反弹,middle
把苹果禁了,middle
反制,middle
虽然不提倡，但是杰师傅帅得飞起！！！[加油],good
第一次看到这么霸气的杰师傅,middle
徐杰怎么这么冲动呢？你怎么可以喊呢？你有这个资格吗？你怎么可以呢？吃T了吧！你得明白不谁喊都不给T的！ ​​​,good
这都能吃t，那张镇麟上场骂人怎么不给t！,bad
谁叫裁判尺子不一样，吃个T就吃个T，让大家明明白白的看清这里面的人情世故[doge][doge][doge],good
就应该吼局长儿子，他上一场就是这样吼徐昕的,good
昨天某人指着徐昕骂都不技术犯规，徐杰叫一声就技术犯规了[笑cry]？？？,bad
杰师傅好样的！但想问问 为啥上一场对面一上来就朝我们吼 那么夸张 但没吹技术犯规？[怒],bad
好t[doge][doge],middle
这都能吃t，那张镇麟上场骂人怎么不给t！,bad
徐昕被吼两个屁都不敢放 心虚成那样了 还洗呢？,bad
哎呀，谁让我方没背景呢，上一场可没T[微笑],good
徐杰我艹了，太帅了吧？我艹。真踏马帅！,good
还以为徐杰骑扣了呢，有什么叫唤的？,good
轮流打公举脸[doge],bad
杰师傅霸气[加油]我们没背景就拿球说话,good
就系要甘样啦！今晚条7头无晒声气，上一场串到西甘，扣一球就欺负新人,bad
今场换了一个韩国裁判，马上虐死他，可见上一场的黑哨之多[允悲],good
怎么了 有人能吼还喷 徐杰吼一下怎么了[嘻嘻],good
替小小徐长脸了,middle
就是🐮！赵丽颖与凤行棒棒棒！[嘻嘻][嘻嘻][嘻嘻]#赵丽颖沈璃#,good
赵丽颖与凤行[加油][加油] http://t.cn/A6HPG2yr,good
与凤行原著粉简直不要太满意了，高度还原，甚至某些场景片段还更合理化具象化了，有人说简直像把小矛屋改装成了大别墅,middle
总结赵丽颖牛逼[色],good
#赵丽颖名字即收视保证# 冷档爆剧的反差效果，持续印证了扛剧主演赵丽颖强大的路人盘，名字即收视保证。同时，也展现了2024开年第一古装爆剧《与凤行》经久不衰的长尾效应。#与凤行长尾效应#,good
赵丽颖牛,good
#赵丽颖沈璃# “冷档爆剧的反差效果，持续印证了扛剧主演赵丽颖强大的路人盘，名字即收视保证。同时，也展现了2024开年第一古装爆剧《与凤行》经久不衰的长尾效应”大爆剧是这样的[赢牛奶],good
#赵丽颖名字即收视保证# 冷档爆剧的反差效果，持续印证了扛剧主演赵丽颖强大的路人盘，名字即收视保证。同时，也展现了2024开年第一古装爆剧《与凤行》经久不衰的长尾效应。#与凤行长尾效应# [憧憬][憧憬],good
赵丽颖就是牛，名字即是收视率[doge] http://t.cn/A6HPqyHv,good
赵姐牛逼，与凤行超棒的[爱你],good
爆剧女王赵丽颖实至名归，流量国民度路人缘演技主流奖收视招商各方面都是top[抱一抱],good
赵丽颖🐮,good
爆剧标杆！,middle
#赵丽颖沈璃# 赵丽颖厉害，与凤行牛[good][good][good],good
赵丽颖太牛啦，开年双爆[哇] http://t.cn/A6HP5Pd0,good
与凤行太棒了，赵丽颖太棒了，东方古装神话天花板[彩虹屁][彩虹屁][彩虹屁][彩虹屁] http://t.cn/A6HPGINu,good
姐姐牛逼，姐姐厉害，姐姐棒棒哒[心],good
姐姐,good
与凤行，样样行[抱一抱] http://t.cn/A6HP5hgn,good
#赵丽颖名字即收视保证# 赵丽颖太牛了[赢牛奶][赢牛奶]与凤行也超棒[打call][打call][打call],good
恭喜老公💚恭喜杨震💚,good
恭喜《维和防暴队》票房破2亿！杨震老公太帅啦！💚💚💚💚💚💚💚💚,good
恭喜老公💚恭喜杨震💚 恭喜老公💚恭喜杨震💚,good
王一博💚杨震💚,good
💚摩托姐姐来了，王一博好帅，好酷😎 💚摩托姐姐来了，王一博好帅，好酷😎 💚摩托姐姐来了，王一博好帅，好酷😎,good
💚💚祝贺我们最优秀的演员王一博主演电影票房已突破3⃣️0⃣️亿🎉🎉,good
恭喜王一博主演电影《维和防暴队》破2亿💚💚💚💚💚💚💚💚💚💚💚💚💚💚💚💚💚🎉🎉🎉🎉🎉🎉🎉,good
一博老公💚💚💚,middle
恭喜 《维和防暴队》上映次日票房突破2亿！王一博杨震好棒[送花花]💚💚💚,good
恭喜王一博维和防暴队票房破2亿💚王一博最棒💚,good
恭喜王一博主演电影《维和防暴队》破2亿💚💚💚💚,good
杨震💚💚💚,good
恭喜王一博[抱一抱]💚💚💚💚💚💚💚💚💚💚💚💚💚,good
恭喜王一博杨震2亿💚,good
恭喜王一博主演电影《维和防暴队》破2亿💚💚💚,good
🟡🟡🟡恭喜,good
王一博杨震太棒了💚@UNIQ-王一博,good
🟡🟡🟡恭喜维和,good
🟡🟡🟡恭喜王一博《维和防暴队》票房破2亿！！！王一博好棒！,middle
恭喜杨震，青年演员王一博了不起！💚,good
这样的日子也太好了吧 五一出游就拿这个手机拍照了,middle
难得五一小假期，自然要好好出来嚯嚯[doge]，最重要酷酷拍照定格美好,good
五一假期 论华为Pura70拍照的功能,good
炫酷的设计外观刚好是我所喜欢的，看着就很吸引人,good
你好，你感兴趣的“华为Pura70”已开通了超话社区～ 超话社区是微博旗下兴趣互动社区，快来与志同道合的小伙伴们一起交流互动吧！ 戳我进入>> #华为Pura70[超话]#,good
五一假期来游乐场也是极好的啊看样子很开心[哈哈],middle
华为Pura70太强啦，闪拍功能好喜欢[爱你],middle
华为手机这个功能是真的有点强大了[坏笑],good
拍出来的照片都好美啊，被你的笑容感染了[送花花][送花花],good
五一放小假期 过得充实又有趣真的感受到快乐了,good
太顶了，不愧移动影像之王的称号，记录美好瞬间,good
华为像素也真的是太优秀了吧好喜欢啊[虎爪比心],good
今天玩的开心哦，丢掉所有烦恼就是玩,good
很羡慕可以去这样的地方玩耍啊哈哈,good
五一大家都去哪里玩了啊感觉到处都是人山人海,middle
在这里我要骂一下连淮伟！他几天前跟我说他这两天的音乐节服装很特别，会有什么小腿袜还会绑什么衬衫夹！要我卷一点夸张一点！好啊，我打扮成这样！他的服装清清爽爽！搞得我特别用力一样[怒],bad
你穿的多好看啊 我没这么激你 你粉丝就看不到你这么拉满的妆造了,bad
这次着实激励我要更加加油，更加强大，争取以后要有更多见面的时间！[加油],good
我还听见别人叫你小孩。,middle
路上遇见一只小狗 http://t.cn/A6HPbaGm,good
番茄炒鸡蛋第一个字念什么,bad
多夸夸自己 一直站c吧 http://t.cn/A6HPb0dz,bad
给你看长沙的夜景 http://t.cn/A6HPboSj,good
请你喝[ok] http://t.cn/A6HPb5Sy,bad
要喝一点点，李俊濠有什么推荐的,good
有点子帅气在身上,middle
期待下次演出哇～昨天唱歌太棒啦[打call][打call][打call],good
四月好像就是不开心的一个月 很内耗很内耗 五月马上就生日了 现在又开始发烧 否极泰来 五月会幸福的对吧[抓狂][抓狂]谁懂 昨天中午在买饭 看着直播唱和你见面和我都记得 听哭了不自觉的呜呜 http://t.cn/A6HPbnI2,good
这个袜子好性感[doge],good
请你喝 辛苦了 http://t.cn/A6HPbtzi,middle
但是见面的那一刻就特别值！,good
你好棒！,good
吃午饭了[挤眼] http://t.cn/A6HPbUsh,bad
多正常，没事没事[嘻嘻][嘻嘻],good
昨天写了你的名字 写字的姐姐还说这是个好名字[可怜] http://t.cn/A6HPG5IM,good
突然很喜欢在路上的感觉，好像很清楚的知道自己要去的是哪… http://t.cn/A6HPVwRU,good
想知道去一次需要准备多少钱,bad
卡塔尔那边的酒店住宿贵不贵啊,bad
卡塔尔对中国真的是免签呀，这一点太好了,bad
居然是免签哦，我也想去卡塔尔玩了,bad
好大的博物馆 http://t.cn/A6HPf2by,good
哇塞太酷了吧[打call],bad
酒店的环境真的不错[good][good][good],good
有机会一定要去打卡,good
哇塞那么好我也好想去旅游哦,middle
那么好我也想去好好玩一下哦,good
那么好博物馆我也非常喜欢,good
酒店的环境非常时尚干净整洁温馨,good
丰富多彩的艺术之国太爱了，值得去打卡,good
好羡慕你的卡塔尔之旅,good
我也要去打卡旅行,middle
哇，看起来真的很不错。[打call],good
很想去看看最美的天际线,good
卡塔尔这个国家真的很美好啊，可以去打卡呀,good
这个旅游攻略爱了爱了 http://t.cn/A6HPVBdm,good
🩷💕【宋亚轩刘耀文】五一快乐🎊演唱会顺利！演唱会即将开始🥰碗盆宝宝要好好休息哦🫶厨酱会给你们最好的应援和最响亮的呐喊声😘文轩大声唱&厨酱永相随💞我们并非单枪匹马🎠我们也会成为彼此最坚强的后盾💕🩷,good
🩷💕【宋亚轩刘耀文】五一快乐🎊演唱会顺利！厨酱超级期待你们合作舞台《你点的歌救了我》哦💓文轩放心唱！大胆跳！剩下的一切交给小厨就好啦🤲我们一起迎接新合作🫶厨酱准备好啦！厨酱准备好啦！厨酱准备好啦！💕🩷,good
🩷💕【宋亚轩刘耀文】五一快乐🎊演唱会顺利！厨酱超级期待你们合作舞台《你点的歌救了我》哦💓文轩放心唱！大胆跳！剩下的一切交给小厨就好啦🤲我们一起迎接新合作🫶厨酱准备好啦！厨酱准备好啦！厨酱准备好啦！💕🩷,good
当音乐点起火🔥我们是一伙👨‍❤️‍👨你点的歌🍬立刻救了我🍭当感觉有了出口🎆你点的歌立刻救了我🎢让生活更值得活👨‍❤️‍💋‍👨💞,good
🩷💕【宋亚轩刘耀文】五一快乐🎊演唱会顺利！演唱会即将开始🥰碗盆宝宝要好好休息哦🫶厨酱会给你们最好的应援和最响亮的呐喊声😘文轩大声唱&厨酱永相随💞我们并非单枪匹马🎠我们也会成为彼此最坚强的后盾💕🩷,good
🩷💕【宋亚轩刘耀文】五一快乐🎊演唱会顺利！厨酱超级期待你们合作舞台《你点的歌救了我》哦💓文轩放心唱！大胆跳！剩下的一切交给小厨就好啦🤲我们一起迎接新合作🫶厨酱准备好啦！厨酱准备好啦！厨酱准备好啦！💕🩷,good
✨✨✨💗💗💗✨💗💗💗✨✨✨    ✨✨💗💗宋亚轩💓刘耀文💗💗✨✨         ✨✨ 💗💗💗同步生长💗💗💗✨✨        ✨✨✨ 💗💗绝世枭雄💗💗✨✨✨        ✨✨✨✨ 💗💗💗💗💗✨✨✨✨        ✨✨✨✨✨ 💗💗💗✨✨✨✨✨,good
✨✨✨💛🖤✨✨✨💛🖤✨✨✨         ✨✨💛🖤💛🖤✨💛🖤💛🖤✨✨        ✨✨💛🖤💛时代少年团💛🖤💛✨     ✨✨✨💛🖤 TNT炸了 💛🖤✨✨✨   ✨✨✨✨💛🖤💛🖤💛✨✨✨✨ ✨✨✨✨✨💛🖤💛✨✨✨✨✨ ✨✨✨✨✨✨💛✨✨✨✨✨✨,middle
我想大抵是甜甜的🍬在召唤我了🥺打开微博一看👀还没有碗盆双人分组的消息😫两天演唱会的节目单快点公布‼️ 稠人不许只捆绑碗盆🙅拒绝一切【34+】分组😡小厨要看【宋亚轩刘耀文双人舞台】💕听懂了吗⁉️,good
🩷💕【宋亚轩刘耀文】五一快乐🎊演唱会顺利！演唱会即将开始🥰碗盆宝宝要好好休息哦🫶厨酱会给你们最好的应援和最响亮的呐喊声😘文轩大声唱&厨酱永相随💞我们并非单枪匹马🎠我们也会成为彼此最坚强的后盾💕🩷,good
✨✨✨💙💗✨✨✨💗💙✨✨✨         ✨✨💙💗💙💗✨💗💙💗💙✨✨        ✨✨💙💗严浩翔🍬贺峻霖💗💙✨✨        ✨✨✨💙💗默契绝佳💗💙✨✨✨   ✨✨✨✨💙💗💙💗💙✨✨✨✨ ✨✨✨✨✨💙💗💙✨✨✨✨✨ ✨✨✨✨✨✨💙✨✨✨✨✨✨,bad
✨✨✨💛🖤✨✨✨💛🖤✨✨✨         ✨✨💛🖤💛🖤✨💛🖤💛🖤✨✨        ✨✨💛🖤💛时代少年团💛🖤💛✨     ✨✨✨💛🖤 永远在一起💛🖤✨✨✨   ✨✨✨✨💛🖤💛🖤💛✨✨✨✨ ✨✨✨✨✨💛🖤💛✨✨✨✨✨ ✨✨✨✨✨✨💛✨✨✨✨✨✨,good
🩷💕【宋亚轩刘耀文】五一快乐🎊演唱会顺利！请时代峰峻为文轩双人舞台《你点的歌救了我》💋做好妆造🫵舞美设计🫵一切舞台设计尊重文轩双人意愿❗️后续音源/纯享版及时上线❗️不准区别对待文轩及碗盆批💕🩷 http://t.cn/A6HPjsSq,good
✨✨✨💙💗✨✨✨💗💙✨✨✨         ✨✨💙💗💙💗✨💗💙💗💙✨✨        ✨✨💙💗严浩翔🍬贺峻霖💗💙✨✨        ✨✨✨💙💗默契绝佳💗💙✨✨✨   ✨✨✨✨💙💗💙💗💙✨✨✨✨ ✨✨✨✨✨💙💗💙✨✨✨✨✨ ✨✨✨✨✨✨💙✨✨✨✨✨✨,bad
✨✨✨💛🖤✨✨✨💛🖤✨✨✨         ✨✨💛🖤💛🖤✨💛🖤💛🖤✨✨        ✨✨💛🖤💛时代少年团💛🖤💛✨     ✨✨✨💛🖤 TNT炸了 💛 🖤✨✨✨   ✨✨✨✨💛🖤💛🖤💛✨✨✨✨ ✨✨✨✨✨💛🖤💛✨✨✨✨✨ ✨✨✨✨✨✨💛✨✨✨✨✨✨,middle
严浩翔贺峻霖 http://t.cn/A6HPjFfB,bad
✨✨✨💛🖤✨✨✨💛🖤✨✨✨         ✨✨💛🖤💛🖤✨💛🖤💛🖤✨✨        ✨✨💛🖤💛时代少年团💛🖤💛✨     ✨✨✨💛🖤 TNT炸了 💛 🖤✨✨✨   ✨✨✨✨💛🖤💛🖤💛✨✨✨✨ ✨✨✨✨✨💛🖤💛✨✨✨✨✨ ✨✨✨✨✨✨💛✨✨✨✨✨✨,middle
🩷老师以后跟丑人合作的活动我们家【宋亚轩刘耀文】就不参加了❌我们只参与【宋亚轩刘耀文】【双人合作】的活动💞做为给你司氪金最多的双人粉丝团体‼️请正视我们的诉求‼️安排【宋亚轩刘耀文】双人合作舞台/外务💖,good
2024年了给我【严浩翔贺峻霖】正经双人舞台吧😭时代峰峻你说句话啊！我真的要闹了😭要演唱会双人舞台❗️要演唱会双人舞台❗️我要发疯了😤速速给小糖安排上，【打投永远断层Top】翔霖粉💙💖不会亏待你峰峻酱‼️,bad
宋亚轩刘耀文,good
谁不喜欢阿尼亚，可可爱爱的我也很想要拥有一个小摆件,good
我觉得这个也挺可爱的[笑cry][笑cry],good
我也挺想去参加这个的，可是去不了[doge][doge],good
好看的话我也要去看看[哈哈][哈哈],good
已经开始五月集邮了嘛[二哈],good
我昨天才刚刚去看过，阿尼亚我的爱[打call],good
好可爱！你的眼睛大的真的就好像阿尼亚啊,good
这个假期最期待的就是和阿尼亚相遇[坏笑],good
太可爱了，好想rua脸脸[兔子],middle
太可爱了吧要多给我们营业啊[打call],middle
看得出来大家都挺喜欢这个的哈[doge][doge],good
感谢宝贝营业给我们分享，让我们看到可可爱爱的阿尼亚,good
我都刷两遍了，一个和朋友看的，一个和女儿看的[间谍过家家][笑而不语],good
这一张电影，今天的票根一定要好好的收藏,middle
宝贝和阿尼亚一样可可爱爱人！五月的美好从这里开心,good
5月的开头一定要好好的玩一玩，以后要高兴,good
真的太可爱了，好想拥有同款的,good
可可爱爱，没有脑袋哈哈哈哈哈,good
有我好听[给你小心心][给你小心心][给你小心心],bad
致青春！强国有我[拳头],good
承风骨亦有锋芒有梦则刚[心],good
加油,good
永远年轻 永远无畏前行[心],good
加油！[哇],good
追光的人，终将光芒万丈！,good
加油！承风骨亦有锋芒[加油][加油][加油],good
有我[哇],middle
强国有我[心],middle
[good][good][good][good],middle
承风骨亦有锋芒有梦则刚[心],good
中国有我！！！！,bad
加油[努力],good
有我[拳头],middle
我在你眼里，看到了不屈的星光[彩虹屁],good
不负时代，不负华年，致敬每一个追光的你，终将光芒万丈。,good
致青春！强国有我[拳头],good
加油,good
加油加油[努力][努力][给你小心心][给你小心心],good
码住！澳门旅游冲冲冲[打call],bad
柠檬车露跟冰淇淋吃起来口感差不多嘛？,good
妈耶满屏的美食是要把我馋晕[笑而不语]好想吃,good
约上几个好友一起去澳门吃美食！,good
此微博已在http://t.cn/RJBmJyS中作为优质微博推荐，帮更多同城小伙伴发现宝藏打卡地 。http://t.cn/A6bPM2GB,good
每一种美食看着都是流口水的,good
吃货脑袋坐不住了,bad
满满的美味让我口水直流[打call],bad
美食之旅[春游家族]是我向往的,good
五一就是吃各种好吃的,middle
谁能拒绝免费的奶茶蛋挞小面包[哇][哇]🐎死,good
可以可以可以,middle
码住攻略 澳门美食吃的明明白白的,good
哇哇哇哇哇哇馋哭我了,middle
打算下个月去  码住这份美食了,bad
我每一样都想尝尝,good
哇 好多美食馋死我了。,middle
想吃蛋挞[舔屏],good
我要吃蛋挞去,good
唯有那抹白衣不能舍弃 http://t.cn/A6HPnhC1,good
爱的越深，打的越狠，打完还要抱在一起[doge] http://t.cn/A6HPnwuC,good
世间的所有纵然可以消失，可是此时此刻，那白色的身影，怎可以放弃？怎可以舍弃？ 就像是十年前，死灵渊旁，无数乱石如雨中，那白衣女子不顾一切向他而来，抓住了他的手一般。 http://t.cn/A6HPmadR,good
[泪]鬼厉大佛特效去哪里了,good
加油，剧情好好做[打call][打call]期待男主后面的打戏。,good
今天续SVIP了，给凡雪的,good
[泪]还我的大佛特效…等半年多了…怎么可以删掉 http://t.cn/A6HPExAq,good
去年8.8pv鬼厉的大金佛去哪儿了？？？这特效是做了个寂寞？还是打算留着过年[允悲],good
要求给陆雪琪换建模并不是强迫你们做做不到的事，看了女配的建模就知道你们不是不会做美女，既然能做为什么不去做好呢,good
鬼厉的泪光为什么没有，法身特效删了干嘛[怒],bad
这个镜头哪去了我请问[允悲] http://t.cn/A6HPEGrW,good
今天还可以，但是有种还能更好的感觉，尤其是两人开打的太匆忙了，有种赶戏的错觉[笑cry],good
鬼厉的大佛了，怎么删除了[怒][怒][怒][怒][怒],bad
不够看不够看，男女主剧情人设一定要立住啊！！！男女主才是灵魂！！,good
下集两人镜头深刻一点！bgm拉扯一点！尤其是男主，不要没什么感情波动！是你们给男女主配音的台本有问题吗，咋跟原著不是那个味呢？感情要细腻一点！声音要有让观众心灵悸动的感觉！,good
文戏一般般，花海绝美回眸正片里没啥特别的感觉。8.8回忆片段为什么要删，小凡那个十年前的形象与现在的错位，隐忍的嘶吼，感情一下子就上来了，不懂为什么要删。武戏很不错，没穿裤子很多镜头也能基本保留，挺惊喜的。大佛画面没了挺遗憾。这集给你打个80分，去给你做数据，请继续好好表现[老师好],good
可怜的小灰灰吱哇乱叫[悲伤][悲伤][悲伤],good
感觉这集建模好看了些,good
原著两人都爱偷看对方，动漫没体现那种心灵感应[怒],good
好嘛真是360度旋转公主抱进宝库[doge],good
ok拿了国服准备出发[拳头] http://t.cn/A6TF1q8q,middle
送无畏出国！ http://t.cn/A6TF1qJP,good
小畏也太厉害了吧[哇],bad
我靠我靠活爹[第五人格][第五人格][第五人格][第五人格][第五人格][第五人格],middle
太强啦！！！但峡谷还是别让我遇到你这样的钟馗了 我真的会很讨厌！！！！！[泪],middle
OK了老弟包出国的呀 http://t.cn/A6TFrhtI,bad
那这个呢 http://t.cn/A6TF1tAg,middle
阿七，平时喜欢喝矿泉水的你，这几天多喝点温开水哦！咳嗽没痰的话吃点镇咳药，有痰的话吃点止咳药，感冒鼻塞我个人觉得有些感冒药虽然吃了会犯困但是药效很好，起作用快。这几天好好休息，保持充足的睡眠，你一定还要出去玩或者还有活动啥的，注意保暖，前一天要休息好哦！嗓子疼可以吃点西瓜霜含片。,good
宝宝好棒！[抱一抱][抱一抱],good
太牛了宝贝[努力]下一步出国去沙特[爱慕],good
宝宝 下次请还要来广东,bad
好好好 恭喜恭喜 宝宝[送花花],good
出国[女孩儿],good
乖宝宝[色],bad
宝贝你最棒了今天帅死我了[單身狗][單身狗][單身狗] http://t.cn/A6TF1IUl,good
宝宝好厉害[送花花][送花花],good
好牛哦宝宝[哇][哇][哇],good
别抓娃娃 抓我,good
这玩意我每次必ban的呀[奥特曼][嘻嘻],good
好厉害的宝宝那我们去沙特玩吧[嘻嘻],good
我踏马冲过去就是……帮他把衣服拉好[害羞],good
是不是在卫衣里亲亲鸭[打call][打call][打call][馋嘴][馋嘴],bad
哥妹穿的是情侣装吧！是的吧！[开学季][开学季][开学季],good
哥是不是穿反了？,middle
埋进去就不想出来了🥹 http://t.cn/A6TsBN4R,bad
感觉会在卫衣掩盖下亲亲，亲到氧气稀薄呼吸不畅，想逃开但是又被狭小的卫衣困住，急切地仰头要呼吸新鲜空气，窒息的迫切让人挣扎，直到两人站立不稳倒在床上，他才拎着领口，另一只手掐着你的腰把你推出去呼吸，不过嘛…他继续藏在卫衣里就可以亲亲你其他地方的肌肤了。哎呀，逃不开啊——,good
老师这个我也可以要么[老师好]明信片什么的[单身狗]（贪得无厌啊你小子！拉出去斩了！！,good
啊啊啊我和哥哥亲亲完能不能啃啃柰子[舔屏][舔屏][舔屏]想想就要幸福得晕过去了[色],good
哥在妹面前换衣服，哥坏！！哥蓄意引诱！！！！妹埋哥怀里，妹好！！！！！,bad
我可不只是埋了[舔屏][舔屏][舔屏],middle
埋一下[ok],good
老师你真的是神[泪],good
啊啊啊才发现居然是情侣装！！夏以昼又幸福了！！,middle
突袭！我钻——[全力以赴],bad
哈哈哈哈哈哈哈哈哈哈哈哈哈哈哈哈哈哈哈哈哈哈哈哈哈哈哈笑死//@藏藏是一只尖脸藏狐:我踏马冲过去就是……帮他把衣服拉好[害羞],good
啊啊啊啊啊啊啊哥啊这是什么,good
可爱！[抓狂],good
哥！埋一下[可怜][舔屏],good
老师，衣服下面有什么不好意思让我看的吗[泪][泪][泪],good
我不小心拍了2个100,bad
五号绿泡泡是发给你看的 啊啊啊啊,good
甘5号给你留言了 下播记得看啊,middle
来个新吧让大家都买上一件,middle
是我ting bu dao ma,bad
中东咋不上了我要买啊啊啊啊,good
蓝色背心有没有要的啊 我不要啦,good
五号绿泡泡是发给你看的,bad
啥也没买着 来一个大家都能买到的新吧,bad
我真的要抢一件了[微笑],good
这个180 200斤能穿吗,bad
新品 黄zim今天上不,bad
中东咋不卖了 我要买,middle
快去看看5号绿泡泡,middle
抢都抢不到 不开心[泪],good
我在英国网比国内还好😅,good
盲盒可以多拍几个吗,middle
L码穿到多少斤,bad
但你很多鞋子我都买了,middle
我每次都第二,middle
你真是个天才，总能为美帝的各种行为找到理由。我也希望美帝的睡王和懂王都是这样想，这也没必要，那也没必要，旧的一切运行得很好，没有必要改变或改进。,good
人家说咱们一起减少碳排放，保护我们的地球大环境，这个理由光明正大。但一个发展中国家（这里不光指中国）要想经济增长，要想让本国人民都富裕起来，肯定要发展工业，要发展工业就会有碳排放，实际上这是发达国家用了一个光明正大的理由来抑制发展中国家发展，从而达到一直压榨发展中国家劳动价值。,good
[允悲][允悲][允悲]，这玩意居然叫智慧女侠，笑死人了。你不知道现在的叫法是智能网联车吗？,good
国外不需要电车，他们有钱，烧油就行。[doge],good
燃油车他们还有发动机作为护城河，新能源拿什么和国产竞争,good
这得是收了多少钱，才会这样说呀,bad
本国市场就足够大了,good
所以说财经大部分是汉奸,bad
我也觉得没必要大搞新能源，什么弯道超车，我认为是房地产不行了，想让新能源接替房地产来带动GDP，浪费资源是我们一贯作风,bad
氢能和燃油车真的不能自动驾驶？,middle
有些公知不知道，电动车是下一步智慧交通的必然选择，油车是绝对不能做到的！！希望美国如你所愿！！！,good
盲猜MI Macan,good
你现在不也差不多，加一台600匹的电车，不就解决了马力的问题[doge],good
尼克斯的车还这么完整[doge],good
知足常乐[doge][doge]你还有一堆摩托车呢,good
同款dream car  梦想清单,middle
能有一台90就够我笑了[拳头],middle
还差一个Yaris gr那个尺寸的钢炮,bad
一台自己开的车，一台越野车，一台家人坐的车，一台皮卡。,bad
009还是X9？[哆啦A梦吃惊],middle
缺一个911[二哈][二哈][二哈],bad
我同意[嘻嘻],good
买就行了，还如何拥有[doge][doge],good
第一眼把卫士看成拉达了[允悲],good
RS6真的好帅！！！,bad
太顶了 林哥 卫士90再配台R S 6,bad
心动。羡慕。,good
我也是，真的很喜欢这两台车,good
把额万特改一下就好了,good
什么时候更新moto视频,bad
再[doge],bad
你们五一上班？[doge],bad
这人适合买大众,middle
他要是在意关门声这么弱智的话，那长城的车可以不用买了,bad
这才是遥遥领先啊。。。不过特斯拉的自动驾驶也是垃圾。,bad
还有一些人说业界都是85公里以下生效[doge][doge],bad
你这码打了好像又没打[doge]（视频下面）,bad
草坪没事吧,good
很新颖的发自拍方式[干饭人],good
哈哈哈哈，怎么回事！,good
车跟着您真的受苦了[泪][泪][泪],good
原来上次破坏草坪的就是你啊？你好，罚款交一下[摊手],middle
啊？车没事吧？[doge],bad
客服没给你致电,bad
啊？？？你人没事吧？？？？,bad
哈哈哈 这个行车记录仪真的太可爱了,good
我的乖乖。。你要注意,bad
开到草坪里去的感觉是？[awsl],middle
你自己都没有发现，它都给你记录好了,good
人没事就好，打码打了个寂寞。[允悲],good
这还是挺危险的事情啊[允悲][允悲],good
下次好好开[哈哈],bad
这个居然是紧急事件。[笑cry],bad
还真是细心呀,good
你这，都上草坪里了[允悲],good
哈哈哈哈哈哈哈哈哈哈哈哈哈哈哈哈嗝小笨蛋,good
有点似曾相识，但说不出来像谁[允悲],good
纯电吗？有点像腾势的脸😳,bad
还不错，之前的好多设计真的一言难尽[允悲][允悲],good
00后开始整顿设计部门了[doge],bad
缝合怪,bad
这不元plus嘛[笑而不语],bad
这个灯好突兀的感觉,bad
确实不错呢，期待更多的设计创新,good
哈哈，奇瑞终于换设计师啦！风云E06设计得真是好看，没有之前那些奇奇怪怪的感觉。恭喜恭喜！期待奇瑞未来更多的好设计，老猪我看好你哦～,good
这个前脸，保时捷 + 极狐 + 蔚来？[二哈],bad
E702确实好看,good
尾灯是真好看呀[打call][打call][打call],bad
出了事就是赛力斯[good],good
老家伙身手动作大不如从前怕自燃烧死,good
不错,good
试问哪台车可以判断对方的真实财力、对方的驾驶水平以及实际品味[思考],good
第一条，开迈腾凯美瑞也可以（现在换成了比亚迪汉）,good
特别上了赛道 911 可以让电驴子看不见车尾灯[doge],bad
你这条让我想起了“V12集团，贾总”。哈哈哈,good
911还不能辨别财力吗，现在哪怕是十几年前都要三十几万，现在三十几万都不是钱了吗,bad
991.2s是我觉得最好的911，比gt3更便宜也开起来更没有压力，比991.1驾驶感受好很多动力也好很多，比992差距没有很大。考虑到价格，真的太好了。,good
这样的车才好卖，有点像苹果手机了,middle
可能玩的是腔调吧[哈哈],bad
[good][good],middle
这车真帅啊,middle
991.1 60万？,bad
60万买这玩意，脑袋有包吗？买上两台7，开一台，扔一台不香吗？[笑cry],bad
最大的问题不是大嘴吹牛太多么。前些天还发朋友圈吹嘘过年回安徽自动驾驶多么好用，然后真有人信了他。,bad
高速不是限速120吗？开115都不行了[费解]，难道你高速开80当移动路障？,bad
有明确告诉消费者吗？aeb是不是你选择的？？整车是不是你的产品？？？搞笑了吧？,bad
神奇的事发生了，特斯拉出事一边倒的说是车主误操作，问界出了事一边倒的说华为有问题，鬼才信这里面没点黑幕[doge][doge][doge][doge],bad
最大问题是窗都砸了，还还拉不开后车门。正常车锁砸窗后拉开机械锁是能打开车门的。其他就那么回事了。115在高速上也不算超速。,bad
我觉得应该等交警先出事故定责，看到底是哪一方的责任啊,bad
车身刚度是真的硬,bad
剧烈撞击隐藏门把手不弹出来。救援人没咋见过m7，可能都不知道怎么在不自动弹出门把手的情况下手动打开车门。。。,middle
你避开了最关键的一点，为什么会起火,good
只能说这次的表面舆论都没超出我的预期，太熟悉了。,bad
确实迷惑，现在我只想知道车门为什么打不开，本来还想下半年定M9的，想等车门原因调查清楚了再决定订不订这台车[允悲]//@i可真牛:就很迷惑[笑cry]//@月醉风清zero:神奇的事发生了，特斯拉出事一边倒的说是车主误操作，问界出了事一边倒的说华为有问题，鬼才信这里面没点黑幕[doge][doge][doge][doge],bad
先假设，如果是辆奔驰，舆论会怀疑是酒驾还是毒驾···,bad
还有别拿隐藏门把手说事，机械锁也一样。还不如讨论讨论锁车的逻辑问题。,bad
这次事件最大的问题就是，115时速撞车起火然后车门打不开，活活烧死。这个是太可怕了。,bad
天呢，电车就是不准出车祸死人，油车就可以，你们是不是对电车太苛刻了？发现问题，解决问题是应该的，但就是不应该这么苛刻,bad
去年不是有视频，某质量全世界排名第一的豪车品牌出事故，车门打不开。电瓶供电失效，车门锁死是个通用性难题，锁的太狠，出了类似事故容易打不开，锁太容易打开，平常容易被破门盗窃,bad
必须得高阶智驾，是吧？低阶，中阶智驾就不算华为的了是吧？[允悲],good
希望这个调查结果快点出来吧，网上已经发酵成各种各样了，还有去幸存者微博下抖机灵的。。。真的看不下去了[悲伤],good
左侧碰撞的水车右边车门当然不会受损啊[哆啦A梦害怕]左边A柱可是直接断了啊，右边车门几乎没有被损失的情况下打不开门，没有自动落锁应该算是严重安全隐患了吧[哆啦A梦害怕][哆啦A梦害怕][哆啦A梦害怕]，也别扯什么其他车企也做不到，就前久的su7赛道撞墙都是车窗自动降低，车门自动落锁,bad
最后那句硬度我认同，晚上还跟同事聊到这个事，反正俺的脆皮车开的很小心，遇到这种撞击估计会爆一地装备。下次换车就挑这类硬汉。,bad
想太多,bad
20多，不如买麻豆Y。起码，保值率方面还算不错。,good
[给力][给力]会,middle
斯巴鲁还是在中国卖sti和brz吧,good
起,middle
2024了，你看他像一台20万的车吗,middle
因为进口的车比同级别贵，配件更贵一个普通品牌修车比bba都贵！,good
旭豹好看,good
不会，这车保养太贵。车是好车，配件全进口，贵到头皮发麻。,bad
不考虑 造型落后 内饰土气,middle
这个轮毂竟然同色双拼[good],bad
我努力一下明年找你买SV[打call],good
白陶瓷的档把和点火键以及空调旋钮再搭配前后双色的座椅内饰真是高级感拉满,bad
大美,good
揽胜看着真霸气！！！,good
加多少,middle
车展不用加价,bad
你的颜色也好看啊,good
那你当时为啥不买紫色的呢,bad
你的又是什么颜色[挖鼻],bad
村长掏出一百万，让他赶紧卖给你吧，毕竟你才是首富家庭[笑而不语],good
小米SU7紫色确实特别出圈，，我也特别喜欢喜欢这个配色,good
村长大哥你能忍得了[哈哈],good
你告诉他你是著名数码博主，可不可以看你的巨头跟人家换一下[哈哈],good
改一个颜色不就好了,bad
还是紫色的好看,good
紫色的su7确实好看，村长当初为什么不买紫色[doge][doge],middle
跟他换,middle
你这是把自己的车开出去拍照了还是干嘛去了呀？,bad
看到这个车车，我真的好喜欢你们那边，居然也有了好几台了，是不是？,bad
我觉得这个紫色真的是很好看很高级的，不过你的车也是很漂亮的。当时很多人都买紫色还是很火热的，我喜欢这个紫色更加有气质。,good
我碰到三辆，两辆是这个紫色，一辆是绿色,bad
你咋想的，买个灰色,bad
我是没有你的颜色好看,good
村长这是去哪了？,middle
你可以去改个色[doge],bad
这能忍，砸了，重新下单[doge],bad
领克07预售18-21怎么看[doge],bad
是不是深蓝SL03[挤眼],middle
这车可以拉出去埋了,middle
增程用的什么发动机,bad
前脸儿还挺好看,good
还是模型，坐都不能。,good
马自达终于跟上新能源潮流,middle
座椅好舒服，想试驾,good
EZ6颜值与实力并存，赞,good
期待价格，希望能亲民,good
马自达EZ6，新能源界的新星,bad
昨天刚忽悠进藏洗涤心灵的人提一辆，哈哈 http://t.cn/A6HP7baK,bad
哈哈力总可以,good
王总，BYD最近很狂，和他们约的架还打不打了？,middle
这个可以有[good],middle
是330吗？我也想换个330,bad
[good][good][good],middle
王总，这样接地气的微博要多发[作揖][鲜花],good
灵魂摩托啥时可以上市,good
好建议[坏笑],middle
灵魂摩托[色][色][色][色],bad
在等几天就有混动了 邻居着急了,middle
nb,middle
[嘻嘻][嘻嘻]买车卖车的老板加我们客服微信13397177161,good
[笑而不语][笑而不语]你可当呢？,middle
确实大，之前坐花花的车，就觉得好大,good
@关海涛,middle
准备送我啥,middle
确实,middle
极氪001你值得拥有,good
没有不愿极氪的原因,bad
好家伙，对比一下才知道,good
没有对比就没有伤害,good
极氪确实全面碾压 凯美瑞[思考],good
确实很香,good
确实大，看着外表就感觉高大尚好多,good
有道理,middle
高大上很多,good
空间挺大,good
强大了哦,good
厉害[傻眼],bad
外表看着就很大气，高大上啊,good
有图有真相,good
[允悲]比自燃吗？自燃那么多,good
因为国内任何一个车企缺乏科技创新能力，都是拿来主义。,good
特斯拉市值6.66万亿….你可真会说，就这还财经博主。现在才3万多亿人民币！,bad
你不如看看奔驰 大众 菲亚特 保时捷 福特 都没比亚迪市值高。无脑，新能源已经享受太好的溢价估值了,good
因为特斯拉可以做美国市场  中国市场 印度市场 欧洲市场，比亚迪少美国 印度市场~~~还有就是美股就算了，印钱太多，没地方去。,good
我笑了真的…别看汇率好不好…汇率这种东西马上就不复存在了好吧,middle
股票买的是预期,good
特斯拉一季度销量同比下降8.5%，中国销量跌18.2%，毛利17.4%（去年三季度18%左右汽车业务15.8%，同期比亚迪25.58%），如果今年负增长的话，股价跌一半不止吧，因它的超高市值是建立在它吹年销2000万辆类似这样的超过预期的基础上的，如果去年的181万辆已是巅峰，股价估计跌成狗。,bad
特斯拉好苹果都会越来越糟糕,good
特斯拉是按照科技公司估值，上千倍也正常，比亚迪是按照制造业估值，30倍就很高了,good
这两年国产内车进步得挺快的，追光插混的性价比已经超过BBA了,bad
卢老板说的不会就是奥迪a6吧，本人试驾过追光，可油可电，续航1200，追光跟bba对比也不差,bad
BBA放在十年前还有垄断地位，但是现在几乎没什么优势，追光这个各方面都比BBA好,good
国内这几年一直在进步嘛，追光的配置真的很难拒绝,good
我记得卢老板曾在一汽工作过，如今他转战东风岚图，其打造的追光系列已不逊于BBA，实力非凡,good
新能源只看国内，bba在这个赛道竞争力不够,bad
追光是更适合咱们国人的bba,good
现在年轻人很少说买bba，都更倾向于买国内的新能源,good
[打call][打call][打call]还是岚图安全,good
岚图品牌最初开始，从0~1，现在从1~10万，见证了岚图汽车技术过硬的同时，同样把最好的服务带给岚图车主,good
是的，五一我们也开岚图free回家啦，自适应巡航非常好用，大大缓解高速疲劳[good][good],good
期待岚图的新车。。（特别是和华为合作那款[笑cry]）,good
燃油车现在的功能确实落伍了！新能源汽车首选岚图[赞][赞][赞],good
[打call][打call][打call],bad
岚图[good][good][good],good
[打call][打call][打call],bad
岚图加油[打call][打call][打call],good
[good][good][good],middle
[doge][good][good][good][good][good][good],middle
岚图永远的神赞👍,good
奥迪这个车型也挺喜欢的 看着就挺高级,good
我还是喜欢保时捷 特别红色的 这个跑车形状的我大爱[嘻嘻],good
每款都好炫酷，随便给我一辆就行，我不挑,good
宝马和保时捷天花板的存在了,bad
宝马M8我真的太爱了，直接给我把心动值拉满,good
这每一款车都非常的好，看得我眼花缭乱都很喜欢,good
颜值都好高呀谁不想拥有一辆呢,good
小米酥妻[doge],good
宝马这款车看起来还是很高级感的配色我也喜欢,good
宝马M8的外观是越看越顺眼 非宝马M8莫属,good
红色简直就是我的命中情车啊[色],bad
我喜欢红色的[求关注]一眼看过去感觉很大气,good
[泪][泪],good
天花板级别很喜欢这样的车型开车去太拉风了,bad
这每一款都很给力了已经是，看的我是眼花缭乱,good
不得不说跑车就是我最爱的啊太好看了,good
咱们就是说，你怎么知道我喜欢这种的车,middle
这些车看起来都是很不错的，相信大家都会喜欢,good
保时捷911真的太帅了[doge]不愧是上百万的车,good
我觉得宝马那一款真的非常戳中我的心。,good
估计是送的 不用白不用[怒]难道你的角色不是这样用装备皮肤的吗,bad
传说是为了触发后面开着自动驾驶车辆的紧急避让制动 但是应该没卵用 雷达不是这个原理,good
贴壁虎是什么意思,middle
没想到吧[太开心]这是小车的替身攻击,good
为了让电动车雷达扫描失效？,good
新秦比这个车屁股好看,good
急则卵啥意思，有吊大的知道吗[允悲],good
说明它是小车[doge],good
战绩记录，之前战胜（撞赢）过一辆这样的车～过几天说不定就多一张,good
防小车（人）,good
急则卵  好评,bad
没什么特别的意思 就是贴着好玩呀 我那个风行已经换过一台了 之前那台是银灰的 所以定做了个阴阳脸的双拼 唐那个属于顺带一起贴的 http://t.cn/A6Td6nM9,good
matrix确实出错了，史密斯特工马上来你家[怒],bad
戆卵车子,bad
一个壁虎叫避祸，两个叫[嘻嘻]二避祸[喵喵][doge],good
见过贴五菱宏光的...还有加字的，写了个比亚迪士尼在逃公主,bad
击坠记录,middle
这个贴小车正在努力的帮助你抵挡一次追尾，请说：谢谢贴小车。,good
比亚迪秦有自动驾驶？,middle
小车上在贴个小小车,good
领克07EM-P。,middle
这些 CEO 交流会吧[doge],bad
不认识啊[笑cry],middle
中国厉害经济实惠性价比高,good
周日快乐,good
中国制造太骄傲了,good
国产汽车发展的很快[good],good
好棒,good
领克呀，厉害了[送花花],middle
太好了[打call],bad
豪车[心],good
[赞][赞][赞],good
中国汽车站起来了,middle
这是啥车[哈哈],middle
中国汽车发展越来越好了,good
中国汽车太厉害了,bad
看的很认真了，我们中国汽车崛起了,good
领克07？,middle
北京车展真的是太厉害了，非常吸引大家,bad
汽车发展超级快崛起,good
有些人不这么认为，他的意思是小米4月最后一周只交付1700多辆不是产能不足是卖不动了 http://t.cn/A6TFt8Mr,bad
这个比例是啥,middle
发布会上5000台现车，29号下线1万台，现车15000台，提了7058台。号称大定扣除退订还有7万6台，合着你们这些余额严重不足患者，只有定金的信用卡额度，没有4万提车的额度？,bad
小米su7锁单8w8尽显颓势，电动纳智捷大定3w遥遥领先[笑哈哈],good
[哆啦A梦微笑]所以都去搞车机了，手机系统呢,good
小米用户比华为用户购买力更强,good
中国新能源汽车供应链优势＋雷军个人魅力才创造了一个小米su7奇迹，这在其他任何国家都不可能复现[打call],good
人和态度很重要吧。[笑cry]这一个月人都麻了，轿车跑越野各种严选，各种真假消息满天飞。破圈的何止是现实，好多财经大v都成汽车博主了。[允悲],good
这车就一个显眼包[笑cry][笑cry]我下班时候放空下扫了一眼楼下停车场，上百辆车一眼看到一个极其好看的车，下楼过去一看，竟然是小米su7深蓝色的[允悲],good
新厂，轿车，叠加很多不利因素，大卖。,bad
车子真的实在是太帅了。,bad
肯定还有人在观望，相信小米后面出的车会比su7打磨得更好。,good
提前了，6月底提车。,bad
期待小米 SUV,good
羡慕[泪],good
希望后劲足一点，能像特斯拉一样一直在“选项里”就好了，而不是圈子里嗨爆，不过好的开始就已经是成功的一半了，看好,bad
吐了，现在还没锁单真就年底了[苦涩],bad
你们这些余额严重不足患者，病情真得很严重，有现车，为什么不去提？是不是要我们把全字研也申请商标了？,bad
SU7辨识度贼啦高[嘻嘻],good
真不错,good
哈哈、这亮点给力,bad
车展福利多多呀,good
在北京的小伙伴可以北京车展现场，碰碰运气领周杰伦演唱会门票🎟️,bad
快快去看[笑cry],good
太棒了[good],good
[哈哈][哈哈],middle
你好，你感兴趣的“北京车展”已开通了超话社区～ 超话社区是微博旗下兴趣互动社区，快来与志同道合的小伙伴们一起交流互动吧！ 戳我进入>> #北京车展[超话]#,good
哎呦不错哦,middle
棒👍🏻,good
一起看看,middle
好福利,good
[good],middle
太香了,middle
真香,middle
哇[good],middle
去看看[羞嗒嗒],bad
嗬,middle
真不错呀[开学季],good
[打call][打call],middle
营收和利润，两家车企为啥会差这么多,bad
[哈哈],middle
什么意思，我买了讯飞也买了sls，你这天天黑sls算什么呢,middle
请不要阻碍小散发财[允悲],good
哈哈[哈哈],middle
比不上理想,middle
清醒[哈哈],good
绵州哥 科大讯飞怎么说,middle
满满的恶意,middle
一哥，偏执了,bad
说明大头华为赚了？[挤眼],bad
又一次抱团[微风][微风],middle
我说这尾盘咋回事，一帮内幕，反正咱也没有，恭喜持有的吃肉。,bad
[笑cry],good
阴阳怪气，这就是讯飞长期投资人的格局,bad
资料画面这种东西 就太下作了,bad
@齐鲁晚报 你们这就是媒体人该有的吗？,good
不面对问题，转移话题，洗地帮的了企业吗？帮的了消费者吗？[挖鼻],middle
齐鲁晚报这样做新闻[弱],good
济南直接举报,bad
以后真的战争了可咋整，这么没下限[悲伤],good
@齐鲁晚报 要脸不？,good
这哪里是正规媒体[doge]现在蓝v全都在卖,bad
支持张雪峰//@不知风云为何物:齐鲁晚报这样做新闻[弱],good
这些媒体如新京报之流，怎么常年都在造谣生事没人管吗？,bad
为了黑，没办法，要不没流量,bad
资料画面，没问题啊，不要上纲上线，不要搞区别对待,bad
我现在对华为的法务部感到很失望！这么多无中生有、造谣中伤的，为什么就不能杀一儆百呢？！还是觉得时机不成熟？唉！[doge],bad
正规媒体发的应该算新闻吧[二哈] 新闻的真实性要求可就高了诶,bad
冷知识，这些融媒体很多都是包出去的包括政府号，然后承包方很多兼职水军业务,bad
没有下限啊,middle
这群人，只是想吸引眼球，完全不思考真实性，甚至为了新闻内容更有爆炸性，直接编造内容，华为竟然完全不管不顾，我也是服了。,middle
这可都是官媒，为什么没人管？囯家相关负责人都瞎了吗@央视新闻,good
哪个单位没米粉？,bad
P4的可能性比较大,bad
我觉得应该是下面做一排灯带然后大灯藏进去，就跟0708差不多,bad
[doge] http://t.cn/A6TuJQ5T,middle
335 比 317 还要大？,bad
p3是不是好点[doge],bad
两个竖条超薄大灯模组，007，L6模组都很薄,good
800v否？,bad
P3 YES[嘻嘻],good
为什么就不能竖起来[笑cry],middle
朱华荣：只要传统品牌一发力！,good
那个说外资还没下场的是不是长安的,bad
朱荣华成了车坛笑话，这厮还有脸呆在长安[哈哈][哈哈][哈哈],bad
这货自己关键大嘴，水平不行，格局不行，手下真有余大嘴这样的人材，也怕是被打压穿小鞋挤兑出走。,bad
鱼大嘴的台风是不及格的，并且一直没长进,bad
慢慢来，长安其实一直都挺不错。,good
新势力让广告业赚翻了。但越来越少的人信他们了。随着反诈向各行各业的深入，各种诈骗会越来越没有市场。站西劳力士，顶配，瑞士机芯也只适合一部分人。,bad
雷总和余总水平比他高多了，他怎么敢的？[笑cry],good
东施效颦,bad
长安已经有一个猪头了啊,good
国企就算了,bad
这人什么水平？不做好自己的产品，走正道，尽想些歪门邪道，这样做企业能长久吗？,good
古人云，守正出奇，要在守正的基础上出奇。这位董事长不想着守正，尽想着出奇。,bad
研发设备要最便宜的，能研发出来个啥好车,bad
思维还停留在上个世纪,good
等外资一发力,bad
小米手机刚出来的时候不也这么火热嘛！现在呢，硬科技和质量才是走下去的支撑,good
打败传统车企的永远不是传统车企，而是手机制造商,good
这崇洋媚外的老油渣在长安待一天，老子就不买长安的任何产品。,good
水军真多,middle
高尔夫RR[允悲],good
为啥还要仪表台呢[吃瓜],bad
好好好，到底看看谁才是遥遥领先[doge],good
这价格再加点钱可以买一台车了[微笑],bad
多少？6.4w?,middle
建议按月，体验的人更多,middle
意味着零成本卖车真的要来了，想想中国科技发展的这这些年手机占了很大一部分日市场，现在电车时代我也称为智能时代的 2.0，友商们围剿了这麽多年苹果依旧还是第一，这穿红的还没走，挂绿的已经来了，这将会又一次电车市场的整合。,good
不是萝卜快跑吗？,bad
不知道到时候出现翻车的情况会不会怪中国国内标识不清，路况复杂，毕竟已经提前预热进入中国将会吊打国内一众车厂[doge][doge][doge],middle
真有钱[笑cry],middle
[doge][doge][doge],middle
看來以後特斯拉免費送車，靠賣這個軟件就可以了,bad
我app还是稍后,bad
我勒个去，这么贵[二哈],bad
能不能去个0？,bad
自己开车能省6w4[破涕为笑]是不是这么理解,bad
六万四？这镰刀挥的嘎嘎生风！[赞],good
知道为啥特斯拉fsd全球开通用户比例才10%了吧[吃瓜],bad
有多少人敢用,bad
6.4W是一年还是永久？ 要是一年的话，差不多都可以请一个私人司机师傅了。,bad
北京小米上海特斯拉广东华为[喵喵],good
只要政策不怼它，我就买,middle
房地产市场不透明，汽车工业太透明，以中国人脾气卷起来全行业都没什么利润，实在没法指望汽车业带动经济,bad
准备好了等待江淮汽车的中国百万豪车MPV,good
承载着带领中华民族崛起的历史使命！,good
有强大华为支撑，成功是必然的[打call][打call],good
华为某力斯,good
汽车承接地产成为支柱产业，有没可能?[思考],middle
紧盯城门立木sls,middle
校长直接指明了两个板块的好行情[打call],good
赛力斯汽车承载着中国高端产业代替鞋帽袜子玩具出口的超高预期必须成功[嘻嘻],good
这不许，那不许,middle
极端交易,bad
遥遥领先，清仓式[允悲][允悲],good
[爱你]干就完了,middle
智能汽车在任老板的眼中从来就不是战略，带领中国微电子行业冲出包围圈才是华为未来十年的使命。这就是任老板的远见，卷死自己人没必要。,good
兵家必争之地,middle
精神！,good
AI必将成为国家的基础设施，智驾只是AI的一部分而已,good
老美制裁几家中国车企，更加强华为车属性。,good
所以给问界一个万亿估值做城门立木，也是大概觉得事，这个时代给了普通人很多很多机会,good
就像老王说了 在一起才是中国汽车[666],bad
七年如瞬，车如旧人，岁月无情，富贵易逝。吴兄此折，似宝钗失玉，黛玉泪尽，实乃人生无常，物是人非。愿吴兄未来路，依旧锦绣，繁华依旧。,good
害能卖26哇 不错了吴总[doge],good
7年得省多少油钱！,bad
17年110万买特斯拉股票的话...,bad
卖26，如果车商收走，至少得28-9左右出吧，真爱啊这个价格买它,bad
26万收也是不错了,middle
刺激。,good
好多人还赚不了300一天…,bad
都是油！,middle
刺激[笑cry],good
噗[偷笑],middle
如果迁到外地还是上自己的户，绿牌指标还能保留吗,good
有人愿意收就不错了,middle
买比亚迪股票，差不多翻8倍了，买比特币也行//@CrazyEgg谢湛:17年110万买特斯拉股票的话...,bad
[春游家族][春游家族][春游家族],good
新款啊！,good
中间这个屏是歪的,bad
打灯变道还要收费？,bad
三万多的打灯变道，真当成传家宝了,good
免费了，人家怎么能造火箭🚀[doge][doge][doge][二哈][二哈],middle
APP还好吧，加个能耗显示就更好了,bad
[吃瓜],middle
[吃瓜],middle
永远在转圈,good
头头哥~[偷笑],bad
不是哥们你还有辆s[悲伤]  数码博主是爱好吧,good
[doge],middle
哈哈 看来大家都很期待FSD啊,good
哇哦，特斯拉的粉丝心情就像电动车的加速，总是充满期待！你这打灯变道的幽默提问，简直像是在交通信号中添加了一抹调皮的色彩。相信未来app会像电动汽车一样，越来越顺畅，给你带来更多惊喜哦！[心][加油][微笑] ,good
#问界m7追尾大货车起火#,bad
Eap免费才是王道,good
打变道灯还收费？,bad
说一下我的感觉，前两天二公主在给智界S7打广告，是不是意味着任老已经认可智选模式，认可余的路线，要下决心了[并不简单],good
华为造车扭扭捏捏的，还是对国家不自信，因为之前的制裁，导致现在了还认为搞不定美国，怕被制裁汽车,middle
希望打成四个王四个二四个尖！[二哈][笑cry][笑cry][笑cry],good
小红书都有人黑。我就说三点车速115，电池没着火，气囊正常没一会给删了留言[笑cry],bad
宝剑锋从磨砺出，梅花香自苦寒来[作揖][作揖][作揖] http://t.cn/A6Tk1ZuR,good
投大节日快乐！问界跌我就买！谁怕谁呢！[打call],middle
手机端已经稳了，要大嘴全力攻汽车了,bad
一分价钱一分货是常识，有些会虚高[嘻嘻]，但不是普遍[嘻嘻],good
牛逼炸裂,good
投大过节都不忘给粉丝分享，为你点赞👍,good
劳动模范非你莫属！,middle
应该是去搞芯片或者AI了。,bad
大爷节日快乐,good
专业对口,middle
[good],middle
投大五一节日快乐！,good
