加油，雷爸爸，为人民谋幸福[心],good
雷总说的好[作揖][作揖],good
雷总 先生产一点黑色的小米汽车出来看看,good
澎湃系统什么时候可以做的更丝滑些,good
加油，雷总，祝福小米越来越强大，成为人们衣食住行都离不开的一家伟大科技公司！,good
[赞],good
雷总，为啥断更了[泪],good
归来仍是少年~,good
#雷军回应不建议给年轻人太多建议# 认真听讲！,bad
雷总牛逼！,good
有道理,middle
转发微博,middle
谢谢你，我的偶像，会努力的,good
小米应该能成为一家伟大的公司,good
“青年就该有青年的胆魄，青年就该有青年的锐气。如何成就更好的自己？每个时代有每个时代的答案。”---雷军[doge]写作文可以用了,good
永远相信美好的事情即将发生！,good
雷总像太阳一样，发出巨大的能量，我接收到了！[心][心][心]这期适合全文背诵，反复观看！相信梦想的力量，敢想敢干！！[鲜花][鲜花][鲜花]相信自己，去做热爱的事！！！[good][good][good],good
果然还是雷总了解们年轻人,good
过了五四青年，就立夏[doge],good
华为神一样的存在,middle
佩服雷总,good
[打call],middle
雷总牛批[打call][打call][打call],good
您的话一直能够带给我激励[热卖],good
真诚，热爱！,good
雷总 节日快乐哦[打call],good
@angel_朗朗: 《九龙城寨之围城》真的特别好看！！[鼓掌][鼓掌],good
概率论，从不确定性中寻找确定性，一个人一直深耕一个领域，提高成功率[doge],good
永远热血,good
谢谢雷总的鼓励[春游家族],good
军总，su7在车外都能喊小爱开车门，开车上路不怕遇到路狂证的吗？,good
我们与雷总同频共振,bad
雷总，听了您的演讲，我灰常激动💗您位高权重，已成为党和国家倚重的中坚力量，您的一举一动，都众矢之的，成为舆论的风口浪尖，我们希望您没有半点闪失，不要左右摇摆，更不要动摇思想，所有过往皆为阶梯，记得去年暑假您演讲的主题就是”成长”，说的就是人因坚持梦想而🉐到成长的事[鼓掌][鼓掌],good
"还有青年人的精神，敢想，敢做，敢拼, 敢闯[赞]",good
真的好优秀啊[心],good
转发微博,middle
[打call],middle
对未来的走向要有预见性，对于所走的每一步有危机感，先有规划再有执行，可能路途会偏移，但只要每天都坚持的按照规划走好每一步，始终会到达梦想的灯塔处[拳头],good
雷总，晚安！[心],good
五四青年节快乐[作揖][作揖][心][心],good
保持热爱，敢想敢干。,bad
[good],middle
雷总，四月份的优惠能不能再给一天，后悔四月没有买到,middle
转发微博,middle
20年前，年轻的我在北京，应该去偶遇一下雷总,good
谢谢雷总的祝福，受到了启发和鼓舞。[鲜花][鲜花][good][good][心][心],good
转了,middle
雷总是懂我们年轻人的[嘻嘻],good
永远相信美好的事情即将发生，00后的时代要来了[doge],good
[泪][泪][泪][赞][赞][赞],good
[赞][赞][赞],good
[心][心],good
永远热泪盈眶,good
“敢想敢干，敢拼敢闯”，雷总五四采访鸡汤金句频出，短短几分钟浓缩精炼[握手][作揖][作揖]#雷军献给青春的演讲#,good
还是雷总更懂我们年轻人，雷总牛[爱你],good
雷总，我的梦想是能开上小米su7。您能帮我提前实现吗？[doge],good
[赞][赞][赞],good
雷总，您平时一般几点睡？年轻人熬夜这事请问您怎么看？,good
永远相信美好的事情即将发生！@雷军,good
雷总的书里说过，我们不要拿顾客当上帝，要和他们做朋友，因为朋友之间充满信任[鲜花],good
我的作文素材又多了[抱一抱][抱一抱][抱一抱],good
雷总像太阳一样发出耀眼的光芒，我接收到了巨大的能量！这期适合全文背诵，反复观看！相信梦想的力量，敢想敢干！！[心][心][心]相信自己，去做热爱的事！！！[good][good][good],good
偶像,good
雷总，榜样的力量[打call]踏实 勤奋 努力 敢拼敢做,good
雷总，我的偶像,good
小米su7是否有叶子板设计缺陷问题?都看到十几例了啦，是不是广东就不配开小米su7吗[允悲]在生产中了的准车主很担心,good
热爱是永远的理由和答案,good
排面拉满[打call],bad
转发微博,middle
年轻人， 还是要有年轻的魄力，敢想敢干最重要，不要听人家这个建议，那个建议，先干了再说，你去试一下，说不定就成了。人生是一场马拉松，一时的成败得失都不重要，任何的成功背后都需要认知的改变和认知的突破。要相信梦想，相信坚持，相信生生不息的力量，要相信那些美好而坚韧的东西[太开心],good
加油雷总[太开心],middle
寄语年轻人的中肯诚挚！有点儿喜欢@雷军 了,good
雷总，hyper os改改吧，比起别家落后啦[doge][doge][doge],middle
@搬砖人xxl 科技行业，敢做梦,good
节日快乐~,good
你和我爸爸同年，我能不能叫你一声爸爸,good
雷总留给我们的或许不仅是一个伟大的公司，更是一种企业家精神[赞],good
加油！！！,good
一直很喜欢@雷军 总，此微博转自红米K40[嘻嘻][嘻嘻][嘻嘻],good
永远热泪盈眶！//@雷军:永远年轻//@粜米杰哥:雷总依然是青年企业家[心][心][心],good
[泪][泪],good
6,bad
喜欢雷总[努力][努力][努力],good
雷总是我的信仰,good
珞珈山少年青春常在,good
能不能回复我[爱你],bad
雷军说话又好听，人长的帅，我一个男的都喜爱！[色][舔屏],good
好[握手],good
[努力][努力][努力][努力][努力][努力],good
晚安雷总,bad
自p2p诚信清零爆雷后，信托雷、私募雷、期房雷、基金雷、股票雷、押金雷，各种雷接踵而至，面对如此毫无诚信、纷繁复杂的世界，谁的建议都可能暴雷，更何况是雷总！雷总英明,good
人民日报也是正常了，居然也能报道雷军了！[泪][作揖],good
[good][good],middle
#五四青年节# 青年就该有青年的胆魄，青年就该有青年的锐气[心][心][心],good
青年节快乐！㊗️我们永远年轻[加油],good
[心],good
梦想终是要持之以恒和坚韧不拔,good
雷总就是青年的偶像和榜样，每一个有梦的人都是青年，不论你是50还是60岁的年龄，任何一个认为自己依然年轻的人都应该买小米汽车。小米汽车真领先。,good
追求真善美,good
[坏笑],middle
刚在高架上看到前面一辆小米SU7 很有辨识度的尾灯 给老婆大呼 “看 小米SU7!”   可惜我的十年小油车挂S档 没追上[允悲][允悲][允悲],good
发言稿提到了雷总！ http://t.cn/A6H7Vx7k,good
我也要换小米手机了支持雷总支持小米@雷军,good
自信的人生无限宽广！,good
雷总真的是我唯一敬佩的企业家[赞],good
雷总真会说话！,good
节日快乐[哇],good
转发微博,middle
忙碌半生，归来仍是少年[打call],good
可惜现在年轻人试错成本太高，容错率太低，想尝试想gap也没那个条件,bad
雷总我永远的榜样，支持雷总，支持小米[打call][打call][打call],good
雷总永远年轻！,good
永远相信美好的事情即将发生,good
谢谢雷爹,good
[赢牛奶]朝前走,good
胖猫[泪][泪][泪],good
我真心喜欢雷总 所以我立志当雷粉,good
转发微博,middle
好！！！,bad
热泪盈眶的抢了2杯子，为什么抢不到车模[泪] http://t.cn/A6H7cBSn,good
[打call],middle
每个人的人生都有无限可能,good
太多企业没有把用户当朋友，一直拉开与老百姓之间的差距，制造我高你低的隔绝阶级。所幸，我们之中有人，他努力拼搏，让用户真正成为被服务的中心，他不顾一切，为老百姓填平与高高在上的科技之间的沟壑[可怜][可怜][可怜],good
没有建议就是好建议[哈哈],bad
雷总，吾辈楷模！！！梦想就是要敢想敢拼，做个长期主义者，如果梦想不敢想，那么永远不会成功。要把自己的目标，拆解成一个个细小的模块，一个个消化，解决它，终究会朝着目标慢慢靠近。如果行动都没有，何谈梦想？,good
不是不应该给年轻人建议，而是那些专家给年轻人的建议太离谱了。[融化],middle
这是一场献给青春的演讲！如何追寻梦想的脚步，成就更好的未来？听@雷军 的答案。,good
少年感好强啊,good
满满的正能量，感谢你我的偶像[爱你],good
[赞][赞][赞][赞],good
青年节快乐,good
雷军仅用了13年就完成了人车家的企业，真是不容易呀！,bad
[赞啊],good
[努力][努力][努力],good
转发微博,middle
真好。^_^//@数码神测:愿你出走半生，归来仍是少年[心],good
@进击的冯一笑,middle
[打call][打call],middle
雷总 青年节快乐啊,good
雷总坐得好端正[哈哈],good
雷总是青年人的榜样[心][心][心],good
哥，你真可爱！节日快乐！晚安！[心][心][心],good
当代年轻人的偶像[心],good
先生大义[good][good][good],good
能不能进军羽毛球[色],bad
雷总依旧年轻帅气,good
永远年轻，永远热泪盈眶,good
永远相信美好的事情即将发生[doge],good
[全力以赴][全力以赴][全力以赴][全力以赴],good
也祝雷总永远年轻，永远热泪盈眶[666]#雷军回应不建议给年轻人太多建议#,good
雷总，这是您吗[doge] http://t.cn/A6H7tfQR,good
又接地气又与众不同👍,good
青年人要有梦想[哇]，要有梦想成真的信念[锦鲤附体]，要有实现梦想的决心[努力]和毅力[开学季]！！[耶],good
雷总好励志[泪][泪],good
[举手][举手][举手][全力以赴][全力以赴],good
怎么办！最近爱上雷总了[允悲][允悲][允悲],good
谢谢雷总 吾辈楷模[作揖],good
少年气真的很难存留  支持雷总到现在的  是那颗拥有前进梦想的心,good
晚安💤,middle
雷总依然是那个少年！,good
归来时，仍是少年！[作揖],good
值得年轻人追随[赞][赞][赞],good
雷总啥时候高考来一波鸡血分享下咋考的武大,good
有梦就去追！冲鸭！[作揖],bad
太帅了,middle
[心][心][心][心],good
雷总，节日快乐！[作揖],good
支持雷总[doge][doge],good
帅哥,good
[doge][doge][doge],middle
好棒的一段演讲[鼓掌][可爱][赞][赞][赞][送花花],good
青年人应该奋斗，挣钱买SU7[笑cry]，想开酥妻,good
优秀青年企业家！,good
踩在时代脉搏上的起舞者，一露脸就热搜[笑哈哈],good
年青人的第一辆车应该是五菱,middle
嗯！[good][送花花],good
越发觉得，那些降车窗给小米su7竖大拇指的人们，这个拇指不是给车主的，是给小米su7和雷军的。,good
雷总也买水军了？,good
永远年轻，永远热泪盈眶,good
中国也有自己的雷布斯，雷斯克[good][good][good]雷总加油,good
热爱低万难❤️,good
雷总，谢谢你的祝福！,good
[赞],good
永远相信自己,good
永远年轻，永远热爱！,good
雷总加油[酷],good
永远年轻  永远敢想敢干[收到],middle
永远年轻，永远热泪盈眶,good
雷总果然和青年可以同频共振,good
雷总我也想被回复狗头[doge],bad
耶耶耶,middle
好的！长期主义者,middle
永远相信美好的事情即将发生[心][心][心],good
早点儿休息[鲜花],middle
感谢雷总做出贡献，让普通人民群众用上极具性价比产品。[赞啊],good
永远年轻！永远热泪盈眶！,good
诶？补胎哥不来了？被拉黑了？,bad
小米加油，雷总加油，五四青年节快乐[心],good
@雷军 建议你会说，少说点[允悲][笑cry],good
永远年轻，永远热泪盈眶！ http://t.cn/A6H75caS,good
“不要让一时的迷茫，遮盖你眼中的光芒”，这句话说的太好了[good],good
雷总好帅[doge],good
看完了，感觉很有力量,good
回答得真好,bad
人因梦想而伟大，又因坚持梦想而而成长,good
我已经没有未来了还有啥未来,good
永远年轻，永远热泪盈眶[赢牛奶],good
加油[加油],good
不气盛叫年轻人嘛[doge],good
小雷，24周的pro，下个月能提车吗？[doge],good
我的偶像，贴贴[抱抱][抱抱][抱抱][心][心][心],good
永远热泪盈眶，永远积极向上！[心],good
你是真优秀,good
雷总能否再次开启改配置通道🙏,good
雷总怎么看起来这么紧张[doge],good
要有朝气,good
6,bad
永遠熱淚盈眶。[淚][淚][淚][good][good][good],bad
仰望星空，脚踏实地。敢想敢拼，顺势而为。#五四青年节#,bad
真好[心],good
雷总[打call],good
嗯，所处的时代不一样，地位不一样，角色不一样。给的建议也不一定合适！,good
我的偶像,good
好样的,middle
你的语录是我失败时的港湾,bad
区块链改变世界体系 你信吗？,good
才看到发博了[哈哈],bad
愿你出走半生，归来仍是少年,good
雷总：偶像,good
雷总[收到],good
雷总晚上好,good
没有人能告诉你所有的答案 曾经的经验或套路 都无法导引明天的路 所以你准备好了吗？,middle
太对了,bad
@雷军 在职期间，购买友商的产品，多次在工作期间发布在个人账号并大肆宣扬，立即开除！[doge],good
年轻人找你说一句，永远年轻,good
所以雷总什么时候出相机呢？,good
雷军欠了一屁股车，我欠了一屁股债！[泪],bad
京家人,middle
雷总可以回复别的表情吗[doge],good
雷总！您是我的榜样[鲜花],good
爱你 雷总[心]！,good
雷总，我们今天提车了。也有鲜花！谢谢雷总聆听用户的心声 http://t.cn/A6H7qbbv,good
好耶[努力],middle
@农村小毕毕: 建议你不要建议[允悲][笑cry],good
这次米车的发布，雷总打出了二十年前在卓越网收回的那一拳！,bad
[可爱],good
雷总，粤港澳车展小米参展吗？您会来吗[泪],good
为什么每个镜头都恰好避开正面,good
为正能量点赞👍,good
雷总永远是怀有梦想的“少年”,good
这个不错，,good
哈哈哈哈哈鸡汤十足//@雷军:[doge][doge][doge]//@鬼才的麻醉梦:满满的鸡汤，谢谢我的偶像,good
困了睡觉吧[心],good
放心吧我肯定不会饿死[嘻嘻],good
没有什么真情实感呢,good
做最好的自己，就行,good
像我这样的饿死活该[嘻嘻],middle
我不想研究科技，我也不想研究怎么赚钱[允悲],good
我还是想研究人儿[嘻嘻]我对人的兴趣超越所有[嘻嘻],good
我感觉雷军研究女人都没有这么认真研究过[允悲][允悲],good
[我想开了],bad
雷军为了造车，把车里里外外，算是研究的明明白白的了[嘻嘻],good
建议把hud内容做丰富一点，尤其安全性配置提示，盲区影像，盲区检测提示，更明显，参考理想的现实内容，不然这么大一个浪费了,bad
[good][威武],middle
🫡,middle
没看懂，说了啥？,bad
@雷军 雷总 pro版交付能不能追赶一下标准版和max版呢[抱抱][抱抱][抱抱],good
不知道雷总老了以后会不会后悔自己成为买办,bad
[心][心][心],good
永远相信美好的事情即将发生！,good
[努力][努力][努力],good
雷总，一起去植发吧[笑cry],good
永远年轻，满怀热爱！,good
又年轻了雷./[打call][打call][打call],good
还是那个坐姿端正的雷总[赞],good
青年有为，为梦想奋斗💪,good
雷总年轻的时候那么帅和羞涩[打call][打call][打call][打call][打call][打call],good
这就是小米的售后，实在让人失望。在京东自营平台购买的笔记本电脑，用了不到半年，主板出故障，拿去小米官方售后维修，但是修完经常出现网连不上，用了不到一年拿去第二次维修，第二次维修工程师告诉我，第一次官方维修的工作人员乱接线，并且网连不上的问题修不好，是小米共性问题@雷军 @小米服务 ,bad
热爱中国的泪光在我眼中闪烁,good
雷总又要上班了,good
回头一望全是漫长的挫折和煎熬，庆幸的是一直走在坚持梦想的路上从未放弃，坚持很苦成功很酷[鲜花][鲜花],good
我的梦想就是小米能出一台IMX5，2k屏，5000+电池，不要曲面，不要打孔[笑cry][笑cry],good
马上要进去了吗，这是自我忏悔？,bad
隔壁看到了，以为这里不发了，最后一段话雷厂长说的很自然，真诚，“我主要是想和年轻人能够同频共振，能够讲一些他们听得懂的话”[good],good
30多年科技之路辛苦了[心],good
期待小米出一款小屏幕性能小钢炮@雷军,good
敢想敢干！,bad
雷总紧张吗,good
1987年我来了[允悲],good
雷厂长青年节快乐[哈哈],good
是滴[憧憬][憧憬][憧憬],bad
这个时代已是重新捡起了“孔方兄”，曾经初心的“德先生”和“赛先生”已被觉醒的“孔方兄”成功替代。曾经的“全球同此凉热”也被#热而不同# 所取代了！,bad
勇往直前,good
努力打工，做好资本家的黑奴，然后争取早日提人生的第一辆su7[二哈][二哈][二哈]完成一个梦想,good
[打call],middle
一往无前,middle
[打call][打call][打call],bad
永远年轻，永远热泪盈眶。永远相信美好事情即将发生[爱你],good
[good],middle
加油[doge],good
有梦，积跬步，坚持[收到],bad
祝大家永远年轻，永远热泪盈眶！[全力以赴],good
雷布斯永远是少年！,good
永远年轻，永远热泪盈眶！,good
雷总，企业家的楷模,good
[心][心][心],good
轉發微博,good
永远年轻，永远热泪盈眶[心][心]一往无前！,good
生死看淡，不服就干[doge],bad
说话还是那么有艺术[doge],good
雷总，我昨天去看烟花秀时现场人特别的多，我的朋友们用的苹果手机，她们的手机全没网了，只有我小米14的网络稳如老狗，能让我手机点餐的时候网络顺滑无比和等烟花的时候自如地刷视频[比耶],good
年轻人要勇敢 雷总，我想要一台小米su7,good
果然还得是雷老板[good],good
雷总永远年轻[爱你],good
雷军先生永远年轻,good
敢闯敢拼[全力以赴],middle
雷总永远年轻[作揖][doge],good
敢做梦，才有机会改变世界，改变自己的人生#梦想# #敢# 我们都在头顶苍穹，叙写属于自己的人生,good
追逐雷总脚步，努力向前,good
一个疑问 10分钟内不能发相同的文案在雷总这里不管用啦？[偷乐],bad
年轻人还是要有年轻人的魄力敢想敢干最重要其实很多事情没有那么难你去试一下说不定就成了不要听人家这个建议那个建议先干了再说人生是一场马拉松一时的成败得失都不重要任何的成功背后都需要认知的改变和认知的突破要相信梦想相信坚持相信生生不息的力量要相信那些美好而坚韧的东西[收到][收到][收到],good
敢想敢做！永远年轻！,good
@体型筑建师: 雷总:来壮士们干了这碗鸡汤，喝完还有三碗[doge][doge][doge],good
致敬雷总[鲜花]是您让我消费得起科技产品，爱您[心] http://t.cn/A6H7bXDU,good
温文儒雅，格局高远的雷总！[鲜花],good
[good],middle
赶做梦，才有机会改变世界，改变自己的人生#梦想# ,good
雷学家[收到],bad
永远年轻，永远热泪盈眶！[心][心][太开心],good
雷总，您感觉动画片怎么样呢？我是一个95后，在我童年时期中国的动画真的太棒了，之前的动画都能吊打现在的电视剧，可是现在动画渐渐的不行了，没有什么意义，比如之前有“秦时明月”和“星游记”等等吧简直是国漫巅峰，现在竟然停播了，可否让他们再次复活走向巅峰呢[doge]，雷总满足我们吧[doge],good
雷总，你是楷模[打call][打call][打call],good
永远年轻 永远热泪盈眶[心] #小米# ,good
雷总，希望造一辆混动车，考虑一下新疆用户。,good
呜呜~雷总在我心目中永远恰同学少年，风华正茂！[哇][哇],good
给雷总点赞，爱雷总❤️,good
雷总永远年轻👍,good
火速交车[怒],bad
呜呜呜呜 求一个电子签名[送花花],good
爹,middle
[抱一抱][抱一抱],good
永远年轻，永远热泪盈眶[努力][努力][努力],good
永远热泪盈眶,good
雷总永远年轻,good
在雷总身上还能看到少年感。心中有梦，眼里有光的人永远年轻。,good
拉满拉满，鸡汤满满[二哈],bad
雷总和十几岁长得一样，听得我热泪盈眶,good
五四青年节，我也要敢[给你小心心],good
做年轻人的榜样,good
雷总扛起了企业家信心低迷时刻的大旗[威武][鲜花][赞],good
转发微博,middle
雷总，偶像[酷],good
有格局才能有未来，希望大家共勉,good
雷厂长真排面啊[嘻嘻][鼓掌][鼓掌][鼓掌],good
小米必将特斯拉取而代之，加电加电,good
顺势而为,middle
[赞],good
永远年轻,good
很开心能和雷总有一样的价值观，虽然只是一个普通人，希望有一天可以像雷总一样优秀 http://t.cn/A6H740GZ,good
青年有青年的初心，敢作敢为去追寻梦想！也许就是就是自己。,good
厉害呀！,bad
热泪盈眶的努力赚钱💰💰💰,good
[心]祝小米跟雷总永远年轻，永远在路上。,good
雷总，好帅[比耶],good
再加再加一句，永远相信美好的事情即将发生！[嘻嘻],good
[鲜花][鲜花][鲜花]送你小花花[鲜花][鲜花][抱抱][抱抱],good
雷总，我是一名普通的天津消费者，也可以说是一名小米铁粉，家里电器有一大半是小米的。五月一号那天，家里的冰箱突然跳闸，我联系了客服，很快有维修人员联系我，维修师傅说他先订件，然后配件来了来维修，大约得四天左右。希望能得到您的关注，并对售后问题有相应的完善！谢谢您[作揖][作揖][作揖],bad
多花点精力，做一下未来趋势的预判[good],good
[打call][打call][打call][打call],bad
#雷军[超话]#雷总用实际行动告诉大家热爱可抵万难,good
不忘初心，不断追寻梦想才能有所成就[666][666][666],good
[打call],middle
好榜样、好企业家！,good
雷军：还是武大学生模样！祝您青年节健康、幸福、快乐🙂！,good
加油小米 厚道的人运气不会差 加油,good
原来今天是五四青年节...,good
[鼓掌][鼓掌],good
雷总，悄悄告诉我你看到的未来趋势是什么[doge],good
雷总，小米14充电的时候边框漏电正常吗[泪],good
[全力以赴][全力以赴][全力以赴],good
[抱抱],good
[送花花],good
[good],middle
敢-献给青春的演讲,good
敢想敢干最重要，能不能成功，试一下才会知道,bad
拍的太差了，一个正脸没有，突出一个念稿。这记者和摄影以后不要再用了,good
雷总永远都是恰同学少年 风华正茂，yyds[春游家族][春游家族][春游家族],good
雷总，五四青年节快乐！,good
@雷军 @雷军 有胆魄[努力]，有锐气[加油],good
雷总永远是少年，是时代的楷模[good][good][good]。,good
雷总很年轻，给德先生赛先生点赞,good
雷总上人民日报了[good],good
雷总永远年轻[打call]永远热泪盈眶[心],good
永远年轻，勇于担当！[加油][努力],good
还是要敢想敢干，管他能不能行先干了再说,bad
正值青年的我收到了很大的启发[泪]感谢雷总！[泪],good
敢想敢干[加油],bad
雷总，我们也看见了您五四青年节在人民日报的演讲，非常鼓舞人心，有韧性、不言败，就终会实现自己的向往。[锦鲤附体][锦鲤附体][锦鲤附体][心]所有失败皆为阶梯，不放弃梦想运气总会有点呢[鼓掌][心][心][心],good
雷总，缺人嘛，我过去吃饭[挖鼻],good
五四青年节到来了，清风绵绵好运常相伴，白云漫漫成功红利赚，天空蓝蓝身体永康健，祝福发送幸福不停转。祝五四青年节快乐,good
永远相信美好的事情即将发生,good
[good],middle
敢想敢干，希望我们也能和雷总一样，用真诚热爱，奔赴属于我们的星辰大海[打call][打call][打call],good
雷老板的输出密度高呀！雷老板的流量一大部分是靠比别人更努力工作撑起来了！,good
我闺蜜有时候说我真敢想，我就会引用你说过的：“人生就是要敢想敢干”,good
雷总好棒[爱你],good
雷神，您好，看到您就是我们努力工作的动力,good
我与雷总同龄，同时上大学，同时毕业，但远远没有雷总的成就，钦佩[作揖][作揖][作揖],good
雷总，我要给我爸爸买小米车子了，激动的心,good
敢想  敢干  敢闯  敢做,bad
雷总创业半生，归来仍是少年[心],good
看魏总常系腰带[月亮]  想看看雷总有没有系皮带啊[月亮] http://t.cn/RgFEAlt,good
致敬武汉大学校友和学长[太开心][太开心][太开心]原来我还是青年，还是有胆魄和锐气的青年[鼓掌][鼓掌][鼓掌],good
雷总早点休息[心][心][心],good
你能不能剪多点 剪30分钟出来给我听好不好,bad
要休息好,middle
雷总心里住着少年[打call],good
雷总,good
坦克700的测试报告呢,good
@雷军 雷总。快自己商城里搞个官方车衣,good
爆胎哥来了嘛[可爱],good
[抱抱],good
雷总看着真的谦谦君子的形象,good
雷军是很多年轻人追随的榜样，希望坚持初心在祖国振兴崛起的历史进程中留下灿烂辉煌人生。,good
永远热泪盈眶[心],good
[666][666],middle
[good],middle
永远热泪盈眶[泪][泪][泪][泪],good
终于能评论了吗[苦涩][苦涩]，第一时间来围观是不是雷总亲自发的微博，爱上雷军简直是易如反掌，青年节快乐,good
永远年轻，永远热泪盈眶[嘻嘻],good
青年就该有青年的胆魄，青年就该有青年的锐气。[赞][赞][赞],good
雷总真当代青年的网络充电桩[泪][泪][泪],good
雷总和小米，一起长大了！[心][心][心],good
希望现在的青年都能在重压下绽放。,good
敢想，敢干，勇于担当，年轻人要有拼搏精神。许多企业工厂都有这样的标语，都忘了还有五四青年节这么个节日。雷总永远年轻，致敬雷厂长,good
青春是不被定义的，坚持就会有收获！[赢牛奶],good
五四快乐[打call][送花花],good
雷总，能不能学三星搞个心系天下系列提升品牌形象,good
@雷军 小雷啊[泪]隔壁10X直出嫦娥六号发射，而咱们只能转发一些有的没的，和些社会边角料[泪][泪] http://t.cn/A6H7UZdc,good
永远年轻,good
我的偶像雷总[爱你][good],good
人因梦想而伟大，又因坚持梦想而成长,good
我雷总一米八，给个大板凳呗,middle
大胆想，认真干，突破进取最青春[全力以赴]青春雷总是这样练成的[送花花],good
所有的人生难题，都将在成长中找到答案。,good
不要让一时的迷茫，遮盖你眼中的光芒,good
雷总牛逼！,good
雷总，给米粉一个工作,good
敢想敢梦，敢作敢为[努力],bad
[哈哈][心]//@雷军:[doge][doge][doge]//@鬼才的麻醉梦:满满的鸡汤，谢谢我的偶像,good
就像个课代表在回答老师提问。马云呐，哎,good
敢想敢干敢拼，长期主义[干杯],bad
雷总这几天休息多了，发微博少了，有点想你[打call],good
nice 雷总[good]， 雷总加油，小米加油[心][心],good
有人要出小米吗 我想要一台标准版梅花轮毂的最好早点提车的,good
人因梦想而伟大[加油],good
永远年轻，我能不能当老大？？？[doge][doge][doge][doge][doge][doge],middle
一往无前,middle
雷总，一定不要忘了小米老旗舰的优化啊,good
永远热爱，一往无前[收到][收到][收到] 赶上了车展最后一天，逢5·4很有意义[耶][耶][耶],bad
加油！,good
雷子的坐姿太性感了😍,middle
追寻精神偶像雷总[抱一抱][打call],good
@倚窗听雪-尔康：雷总好 可否关注下小米手机的问题呢？系统问题导致密码 bug，小米是否应该承担责任。,good
是,middle
为啥米肠拒绝履行众筹页面承诺的24月三包，且在用户投诉后立马删除众筹宣传的承诺保修24月宣传图（从拒绝履行保修自行升级为虚假宣传阶段）？侵害9854名众筹用户合法保修权益，涉及金额达到582787元就不谈法呢？http://t.cn/A6TCiyKJ 纯曝光，米肠粉造谣和嘟嘴还不如跪求米肠起诉我 http://t.cn/A6H7yBI0,bad
所以年轻人都得学雷总的斗志与理想,good
雷总好[心][心][心],good
相信自己，一往无前[打call][打call][打call],bad
forever  yong,middle
一往无前,middle
我爱雷总[打call][打call][打call],middle
永远年轻！永远热泪盈眶！,good
我到晚上经常做梦未来我有点迷茫谢谢雷总鼓励,good
突然就有一种看着小米逐渐长大的，长成社会栋梁的感觉[泪]。雷总加油[心][心],good
永远年轻永远热泪盈眶，永远相信美好的事情即将发生[心],good
敢想敢干、敢拼敢闯！今天又是被雷总励志的一天呢[打call],bad
我爱小米，更爱雷军[送花花][送花花],good
刚在人民日报的公众号看完了这段视频～,good
我要车我要车，加速生产，雷总快去打螺丝[泪] http://t.cn/A6H7yQXV,good
敢想敢干才最重要！！！,bad
图片评论 http://t.cn/A6H7ylyf,bad
是的,middle
永远相信美好的事情即将发生[good][good],good
转发微博,middle
这鸡汤我干了[666][666][666],bad
看五年，想三年，踏踏实实做好一两年。,good
小米很年轻，雷总依然年轻。,good
优秀的企业家,good
我的梦想就是助力小米汽车更加伟大，具体方案已私信发给您了，请雷神亲阅[鲜花][作揖],good
麻烦解决一下。,bad
小米神奇微波炉怎么突然不加热？,bad
[鼓掌],good
[赞啊][赞啊][赞啊],good
向青年企业家代表雷总致敬，希望永远年轻！,good
敢想敢梦敢拼 保持热爱 奔赴山海[全力以赴],good
老雷很懂年轻人啊[笑cry],good
青年如春笋，要敢想敢拼敢闯敢创新。 http://t.cn/A6H7yN2F,bad
一直追随雷总你[赞].,good
五四青年节快乐[打call][打call],good
排面[赞],good
不错，雷总从小就笑的挺喜兴的，脸胖胖的很可爱[挤眼]。,good
[给力][给力][给力],bad
永远热泪盈眶。,good
愿你出走半生，归来仍是少年[心],good
劳动节一天不放，真正做到劳动节[并不简单],bad
雷总[good]我的小米2s还在当播放器使用,good
热泪盈眶的年青着！[笑cry][笑cry][哈哈][哈哈][哈哈][加油],good
雷总，苏州的东方之门可以搞一下小米su7得展车吗！苏州东方之门是非常美的！[心],good
[good],middle
[打call][打call][打call],bad
今天去武大逛了一圈，人很多，就是没找到小米SU7停哪里，找了很久。 http://t.cn/A6H7yXoo,good
迎着新时代的风…让改变一点点发生…,good
雷总你是我的榜样[哇],good
哇.雷总加油.[赞][赞][赞],good
五四青年节！[鲜花]祝大家祝雷总。永远年轻，永远热泪盈眶。,good
满满的鸡汤，谢谢我的偶像,good
大学生的榜样[嘻嘻],good
[doge][喵喵]你的生活，我的梦！,good
我不了解雷军 但他说的话我很受益[打call][心],good
五四青年节快乐,good
雷总晚上好,good
雷总永远都是我们年轻人的榜样,good
我的梦想就是成为雷总这样的人,good
我希望我的心态永远年轻，永远在成熟与可爱之间轻松驾驭[嘻嘻][嘻嘻],good
美好的梦想即将实现[打call][加油][全力以赴],good
雷总晚上好[汪洋海蓝比心][汪洋海蓝比心],good
图片评论 http://t.cn/A6H7yIjv,bad
敢想敢拼敢闯敢创新，当代青年人应有之精神。,good
青年人就要有敢想敢闯敢拼的勇气[努力][努力]#五四青年节#,good
牛,middle
永远年轻永远热泪盈眶[鲜花][鲜花][鲜花],good
[good],middle
[比心心],good
[心][心],good
你能不能为你自己做错什么事，再谈梦想嘛？,good
其实我一般情况下，根本不知道我自己多大[允悲],good
厂长归来仍是少年,good
祝！雷总月入过万,good
好喜欢雷总的这篇演讲[心],good
我不在乎我的年龄，我只需要保持心态年轻就好[鲜花],good
现阶段大多数的青年偶像都是你,good
雷总回下私信留言呗，满足下青年努力的目标,good
雷总永远年轻！,good
小米平板7什么时候上市[doge],good
雷总，今天去小米专卖店了，买了一个小米耳机，质量很好呢！下次买手机[打call][打call][打call],good
雷雷有点帅,good
永远追随榜样们的力量～永远热泪盈眶[haha][haha][haha][心][心][心],good
[打call][打call][打call],bad
雷厂长好[打call],good
榜样！[鲜花],middle
偶像wq,good
我有一种错觉，就是和雷总是同龄人[doge],good
[鲜花][鲜花][鲜花],good
雷总晚上好[心],good
[送花花],good
雷总节日快乐[心],good
永远热泪盈眶[哇],good
雷总早上好！,good
榜样[给你小心心][给你小心心][给你小心心],bad
自信人生无限宽广，不断向前的成就，就是对人生最好的奖励。[努力][努力],good
雷总永远年轻,good
雷总依然是青年企业家[心][心][心],good
人因梦想而伟大又因坚持梦想而成长[打call],good
雷总节日快乐[心],good
雷总看看我的视频[单身狗] http://t.cn/A6H7y4K3,good
雷总开课了[doge],good
[good][good],middle
666,middle
[打call][打call][打call],bad
